BillingReferenceID,CustomerID,AccountNumber,BillingReference,BillingReferenceStartDate,BillingReferenceEndDate,SupplierContractStartDate,SupplierContractEndDate
1684068,234209,DOUBLEED,07160120,2016-09-30,2016-10-30,2016-09-30,2016-10-30
1666715,234218,FOCUS,UKBTW-11-8792-3,2016-06-09,2016-07-09,2016-06-09,2016-07-09
1666719,234247,LIFECAPX,01270368179_CAP,2016-06-30,2016-08-30,2016-06-30,2016-08-30
1666988,234218,FOCUS,GCI_GCI01278_9,2016-07-01,2017-07-01,2016-07-01,2017-07-01
1666992,234218,FOCUS,GCI_GCI01278_7,2016-07-01,2017-07-01,2016-07-01,2017-07-01
1666990,234218,FOCUS,GCI_GCI01278_3,2016-07-01,2017-07-01,2016-07-01,2017-07-01
1684832,234236,INTRALAN,ETHA12466115,2016-05-18,2019-05-18,2016-05-18,2019-05-18
1685939,234248,LIFEWAYS,01905412474,2016-07-14,2017-07-14,2016-07-14,2017-07-14
1686006,234279,SAPHIRE,TTB0651872,2016-10-19,2019-10-19,2016-10-19,2019-10-19
1721265,234209,DOUBLEED,UKBTW-11-8516-2,2015-02-18,2016-02-18,2015-02-18,2016-02-18
1721266,234209,DOUBLEED,UKNEO-11-8614-3,2015-04-10,2016-04-10,2015-04-10,2016-04-10
1681090,234243,LANCE,GCI_GCI01169_3,2013-03-01,2014-03-01,2013-03-01,2014-03-01
1681097,234243,LANCE,GCI_GCI01169_10,2013-06-14,2014-06-14,2013-06-14,2014-06-14
1681103,234243,LANCE,GCI_GCI01169_16,2013-02-20,2014-02-20,2013-02-20,2014-02-20
1681107,234243,LANCE,GCI_GCI01169_20,2013-03-22,2014-03-22,2013-03-22,2014-03-22
1681115,234243,LANCE,GCI_GCI01169_28,2013-03-28,2014-03-28,2013-03-28,2014-03-28
1681116,234243,LANCE,GCI_GCI01169_29,2013-03-28,2014-03-28,2013-03-28,2014-03-28
1685937,234247,LIFECAPX,01942355326_CAP,2016-07-08,2016-08-08,2016-07-08,2016-08-08
1701734,234209,DOUBLEED,F10160164_IN,2016-11-21,2019-11-21,2016-11-21,2019-11-21
1721396,234283,SHGSYS,TTB0667924,2017-01-10,2020-01-10,2017-01-10,2020-01-10
1661334,234261,NEXUSOPE,GCI_GCI01187_1,2016-03-01,2017-03-01,2016-03-01,2017-03-01
1661336,234262,NICHE,GCI_GCI01188_1,2015-09-08,2016-09-08,2015-09-08,2016-09-08
1661347,234255,MUSTARDS,GCI_GCI01181_1,2015-12-03,2016-12-03,2015-12-03,2016-12-03
1660308,234203,D2NET,0129878463,2014-08-20,2015-08-20,2014-08-20,2015-08-20
1660313,234203,D2NET,01782436545,2014-02-26,2015-02-26,2014-02-26,2015-02-26
1660317,234203,D2NET,01782796894,2016-02-01,2017-02-01,2016-02-01,2017-02-01
1660322,234203,D2NET,01952257105,2016-03-04,2017-03-04,2016-03-04,2017-03-04
1660329,234203,D2NET,ETHA12480262,2016-04-01,2017-04-01,2016-04-01,2017-04-01
1660330,234203,D2NET,TTB0092381,2013-02-04,2014-02-04,2013-02-04,2014-02-04
1660376,234209,DOUBLEED,01582462576,2016-03-31,2017-03-31,2016-03-31,2017-03-31
1660390,234209,DOUBLEED,EFM0252866,2016-02-01,2017-02-01,2016-02-01,2017-02-01
1660393,234209,DOUBLEED,ETHA01831628,2013-02-07,2014-02-07,2013-02-07,2014-02-07
1660411,234210,DRAW,ETHA07446921,2015-08-01,2016-08-01,2015-08-01,2016-08-01
1660455,234223,GOLDFIEL,01623559746,2013-02-28,2014-02-28,2013-02-28,2014-02-28
1660475,234229,HORSEBRI,01471844371,2015-06-01,2016-06-01,2015-06-01,2016-06-01
1660476,234229,HORSEBRI,01475520902,2015-06-01,2016-06-01,2015-06-01,2016-06-01
1660479,234229,HORSEBRI,01475522672,2015-06-01,2016-06-01,2015-06-01,2016-06-01
1660482,234229,HORSEBRI,01496840545,2015-06-01,2016-06-01,2015-06-01,2016-06-01
1660490,234229,HORSEBRI,01687462516,2014-12-01,2015-12-01,2014-12-01,2015-12-01
1660492,234229,HORSEBRI,01688302402,2015-06-01,2016-06-01,2015-06-01,2016-06-01
1660499,234229,HORSEBRI,01851702614,2015-06-01,2016-06-01,2015-06-01,2016-06-01
1660521,234232,HYDEPARK,ETHA11794358,2014-05-16,2015-05-16,2014-05-16,2015-05-16
1660530,234235,INTERNAT,ETHA12249956,2015-03-02,2016-03-02,2015-03-02,2016-03-02
1660537,234236,INTRALAN,ETHA12301506,2015-05-14,2016-05-14,2015-05-14,2016-05-14
1660545,234237,JJCHURCH,CAL121461,2014-05-19,2015-05-19,2014-05-19,2015-05-19
1660562,234243,LANCE,01234340157,2013-06-03,2014-06-03,2013-06-03,2014-06-03
1660591,234243,LANCE,01418816353,2013-02-07,2014-02-07,2013-02-07,2014-02-07
1660598,234243,LANCE,01473226199,2013-03-01,2014-03-01,2013-03-01,2014-03-01
1660599,234243,LANCE,01473250314,2013-09-30,2014-09-30,2013-09-30,2014-09-30
1660600,234243,LANCE,01480404692,2014-01-27,2015-01-27,2014-01-27,2015-01-27
1660604,234243,LANCE,01495226941,2013-02-26,2014-02-26,2013-02-26,2014-02-26
1660605,234243,LANCE,01495354584,2013-02-04,2014-02-04,2013-02-04,2014-02-04
1660606,234243,LANCE,01507609780,2013-03-22,2014-03-22,2013-03-22,2014-03-22
1660611,234243,LANCE,01553760719,2013-03-22,2014-03-22,2013-03-22,2014-03-22
1660614,234243,LANCE,01554821316,2013-03-28,2014-03-28,2013-03-28,2014-03-28
1660633,234243,LANCE,01638669420,2013-03-22,2014-03-22,2013-03-22,2014-03-22
1660641,234243,LANCE,01639820555,2013-03-28,2014-03-28,2013-03-28,2014-03-28
1660650,234243,LANCE,01639885849,2013-03-28,2014-03-28,2013-03-28,2014-03-28
1660652,234243,LANCE,01639891495,2013-12-02,2014-12-02,2013-12-02,2014-12-02
1660657,234243,LANCE,01639899238,2013-03-06,2014-03-06,2013-03-06,2014-03-06
1660658,234243,LANCE,01639899520,2013-06-26,2014-06-26,2013-06-26,2014-06-26
1660668,234243,LANCE,01698262437,2014-02-06,2015-02-06,2014-02-06,2015-02-06
1660673,234243,LANCE,01730264487,2013-03-15,2014-03-15,2013-03-15,2014-03-15
1660693,234243,LANCE,01792578727,2013-03-28,2014-03-28,2013-03-28,2014-03-28
1660694,234243,LANCE,01792585832,2013-02-21,2014-02-21,2013-02-21,2014-02-21
1660716,234243,LANCE,01874625465,2013-04-16,2014-04-16,2013-04-16,2014-04-16
1660734,234243,LANCE,02072337224,2013-03-22,2014-03-22,2013-03-22,2014-03-22
1660736,234243,LANCE,02073539379,2013-03-12,2014-03-12,2013-03-12,2014-03-12
1660742,234243,LANCE,02079355125,2013-03-01,2014-03-01,2013-03-01,2014-03-01
1660743,234243,LANCE,02083182300,2013-06-03,2014-06-03,2013-06-03,2014-06-03
1660751,234243,LANCE,02086863713,2013-03-01,2014-03-01,2013-03-01,2014-03-01
1660752,234243,LANCE,02087954062,2013-03-22,2014-03-22,2013-03-22,2014-03-22
1660754,234243,LANCE,02380211312,2013-10-28,2014-10-28,2013-10-28,2014-10-28
1660756,234243,LANCE,02380331465,2013-05-22,2014-05-22,2013-05-22,2014-05-22
1660770,234243,LANCE,ETHA06868087,2013-10-11,2014-10-11,2013-10-11,2014-10-11
1660772,234243,LANCE,TTB0065931,2014-12-01,2015-12-01,2014-12-01,2015-12-01
1660776,234243,LANCE,TTB0223550,2013-10-08,2014-10-08,2013-10-08,2014-10-08
1660788,234245,LEE,ETHA12159758,2015-06-22,2016-06-22,2015-06-22,2016-06-22
1660800,234252,MATORTHO,TTB0118350,2013-04-29,2014-04-29,2013-04-29,2014-04-29
1721258,234209,DOUBLEED,UKFMN-11-8517-2,2015-01-23,2016-01-23,2015-01-23,2016-01-23
1666983,234218,FOCUS,GCI_GCI01278_5,2016-07-01,2017-07-01,2016-07-01,2017-07-01
1685941,234248,LIFEWAYS,01603715507,2016-07-14,2017-07-14,2016-07-14,2017-07-14
1686007,234279,SAPHIRE,TTB0651901,2016-10-19,2019-10-19,2016-10-19,2019-10-19
1686047,234218,FOCUS,ETHA1265396,2016-10-17,2019-10-17,2016-10-17,2019-10-17
1681098,234243,LANCE,GCI_GCI01169_11,2013-02-15,2014-02-15,2013-02-15,2014-02-15
1681105,234243,LANCE,GCI_GCI01169_18,2013-02-21,2014-02-21,2013-02-21,2014-02-21
1701762,234279,SAPHIRE,TTB0641063,2016-11-17,2019-11-17,2016-11-17,2019-11-17
1700398,234209,DOUBLEED,F10160232,2016-11-01,2019-11-01,2016-11-01,2019-11-01
1721397,234209,DOUBLEED,02085400930,2017-01-20,2018-01-20,2017-01-20,2018-01-20
1721290,234261,NEXUSOPE,01392848695,2017-01-06,2020-01-06,2017-01-06,2020-01-06
1661326,234236,INTRALAN,GCI_GCI01162_2,2016-01-21,2017-01-21,2016-01-21,2017-01-21
1661330,234257,NCPLTD,GCI_GCI01183_1,2014-10-01,2015-10-01,2014-10-01,2015-10-01
1661342,234285,SIGNETSE,GCI_GCI01211_1,2013-12-05,2014-12-05,2013-12-05,2014-12-05
1661356,234209,DOUBLEED,GCI_GCI01135_11,2015-06-26,2016-06-26,2015-06-26,2016-06-26
1661359,234209,DOUBLEED,GCI_GCI01135_46,2015-08-13,2016-08-13,2015-08-13,2016-08-13
1702093,234218,FOCUS,ETHA12368809,2016-10-05,2019-10-05,2016-10-05,2019-10-05
1666702,234282,SGWEUROP,ETHA12496784,2016-06-27,2019-06-27,2016-06-27,2019-06-27
1666704,234262,NICHE,UKBTW-11-8255-2,2016-05-31,2017-05-31,2016-05-31,2017-05-31
1721252,234283,SHGSYS,01173292528,2015-02-12,2016-02-12,2015-02-12,2016-02-12
1660309,234203,D2NET,01159986711,2013-08-13,2014-08-13,2013-08-13,2014-08-13
1660310,234203,D2NET,01274315371,2015-10-30,2016-10-30,2015-10-30,2016-10-30
1660314,234203,D2NET,01782437037,2015-04-21,2016-04-21,2015-04-21,2016-04-21
1660374,234209,DOUBLEED,01202064277,2016-02-11,2017-02-11,2016-02-11,2017-02-11
1660383,234209,DOUBLEED,02075807611,2015-09-29,2016-09-29,2015-09-29,2016-09-29
1660389,234209,DOUBLEED,EDM36118,2015-04-24,2016-04-24,2015-04-24,2016-04-24
1660392,234209,DOUBLEED,EFM0375759,2015-10-07,2016-10-07,2015-10-07,2016-10-07
1660396,234209,DOUBLEED,ETHA12236200,2015-09-16,2016-09-16,2015-09-16,2016-09-16
1660403,234209,DOUBLEED,ONEA525313,2015-03-06,2016-03-06,2015-03-06,2016-03-06
1660404,234209,DOUBLEED,ONEA730707,2015-12-18,2016-12-18,2015-12-18,2016-12-18
1660418,234215,ELLANDI,ETHA11996781,2015-03-12,2016-03-12,2015-03-12,2016-03-12
1660438,234219,FOCUSMUL,01889583571,2015-02-01,2016-02-01,2015-02-01,2016-02-01
1660443,234220,FSMACKEN,EFM0408591,2016-01-26,2017-01-26,2016-01-26,2017-01-26
1660485,234229,HORSEBRI,01631567012,2015-06-01,2016-06-01,2015-06-01,2016-06-01
1660486,234229,HORSEBRI,01680812018,2015-06-01,2016-06-01,2015-06-01,2016-06-01
1660487,234229,HORSEBRI,01680812147,2015-06-01,2016-06-01,2015-06-01,2016-06-01
1660494,234229,HORSEBRI,01700502880,2014-12-01,2015-12-01,2014-12-01,2015-12-01
1660498,234229,HORSEBRI,01770302751,2014-12-01,2015-12-01,2014-12-01,2015-12-01
1660510,234229,HORSEBRI,ETHA12123127,2015-12-01,2016-12-01,2015-12-01,2016-12-01
1660534,234236,INTRALAN,ETHA12003318,2014-09-11,2015-09-11,2014-09-11,2015-09-11
1660539,234236,INTRALAN,ETHA12431988,2015-10-16,2016-10-16,2015-10-16,2016-10-16
1660540,234236,INTRALAN,ETHA12432038,2015-12-02,2016-12-02,2015-12-02,2016-12-02
1660541,234236,INTRALAN,ETHA12443243,2015-10-21,2016-10-21,2015-10-21,2016-10-21
1660542,234236,INTRALAN,ONEA531492,2016-01-29,2017-01-29,2016-01-29,2017-01-29
1660556,234243,LANCE,01179869297,2013-03-28,2014-03-28,2013-03-28,2014-03-28
1660584,234243,LANCE,01353663061,2013-02-01,2014-02-01,2013-02-01,2014-02-01
1660586,234243,LANCE,01379658745,2013-03-22,2014-03-22,2013-03-22,2014-03-22
1660610,234243,LANCE,01536483159,2013-01-30,2014-01-30,2013-01-30,2014-01-30
1660623,234243,LANCE,01617615552,2015-04-08,2016-04-08,2015-04-08,2016-04-08
1660627,234243,LANCE,01629732575,2013-06-05,2014-06-05,2013-06-05,2014-06-05
1660640,234243,LANCE,01639814791,2013-02-20,2014-02-20,2013-02-20,2014-02-20
1660642,234243,LANCE,01639820983,2013-03-28,2014-03-28,2013-03-28,2014-03-28
1660647,234243,LANCE,01639823822,2013-02-18,2014-02-18,2013-02-18,2014-02-18
1660662,234243,LANCE,01656722710,2013-03-28,2014-03-28,2013-03-28,2014-03-28
1660674,234243,LANCE,01753537992,2013-03-22,2014-03-22,2013-03-22,2014-03-22
1660680,234243,LANCE,01792323567,2013-02-20,2014-02-20,2013-02-20,2014-02-20
1660688,234243,LANCE,01792465212,2013-02-21,2014-02-21,2013-02-21,2014-02-21
1660692,234243,LANCE,01792474416,2013-06-26,2014-06-26,2013-06-26,2014-06-26
1660700,234243,LANCE,01792773770,2013-03-28,2014-03-28,2013-03-28,2014-03-28
1660712,234243,LANCE,01793618965,2013-02-13,2014-02-13,2013-02-13,2014-02-13
1660729,234243,LANCE,01992574415,2013-03-22,2014-03-22,2013-03-22,2014-03-22
1660730,234243,LANCE,01992762318,2013-03-25,2014-03-25,2013-03-25,2014-03-25
1660731,234243,LANCE,01992815257,2013-03-28,2014-03-28,2013-03-28,2014-03-28
1660748,234243,LANCE,02086427063,2013-06-17,2014-06-17,2013-06-17,2014-06-17
1660758,234243,LANCE,02476354873,2013-07-22,2014-07-22,2013-07-22,2014-07-22
1660761,234243,LANCE,02920564405,2013-02-25,2014-02-25,2013-02-25,2014-02-25
1660767,234243,LANCE,ETHA01629314,2014-12-01,2015-12-01,2014-12-01,2015-12-01
1660777,234243,LANCE,TTB0223551,2013-11-06,2014-11-06,2013-11-06,2014-11-06
1660778,234243,LANCE,TTB0223552,2013-10-03,2014-10-03,2013-10-03,2014-10-03
1660779,234243,LANCE,TTB0223553,2013-10-09,2014-10-09,2013-10-09,2014-10-09
1660780,234243,LANCE,TTB0223554,2013-10-11,2014-10-11,2013-10-11,2014-10-11
1660785,234243,LANCE,TTB0232742,2014-03-07,2015-03-07,2014-03-07,2015-03-07
1660812,234257,NCPLTD,01223243956,2014-06-19,2015-06-19,2014-06-19,2015-06-19
1660813,234257,NCPLTD,01473280766,2014-06-02,2015-06-02,2014-06-02,2015-06-02
1660816,234257,NCPLTD,ETHA01649668,2014-09-01,2015-09-01,2014-09-01,2015-09-01
1660823,234260,NEURO,EFM0247967,2014-04-29,2015-04-29,2014-04-29,2015-04-29
1660829,234261,NEXUSOPE,01392882536,2013-07-01,2014-07-01,2013-07-01,2014-07-01
1660833,234261,NEXUSOPE,01823253506,2013-02-10,2014-02-10,2013-02-10,2014-02-10
1660834,234261,NEXUSOPE,CAL067030,2016-04-01,2017-04-01,2016-04-01,2017-04-01
1666718,234248,LIFEWAYS,UKTTX-9-9225-2,2016-06-02,2016-07-02,2016-06-02,2016-07-02
1666989,234218,FOCUS,ETHA02601557,2016-07-01,2017-07-01,2016-07-01,2017-07-01
1666991,234218,FOCUS,GCI_GCI01278_1,2016-07-01,2017-07-01,2016-07-01,2017-07-01
1666982,234218,FOCUS,GCI_GCI01278_4_,2016-07-01,2017-07-01,2016-07-01,2017-07-01
1685938,234209,DOUBLEED,UKFMN-11-9663-2,2016-07-18,2019-07-18,2016-07-18,2019-07-18
1685940,234247,LIFECAPX,01905412474_CAP,2016-07-14,2017-07-14,2016-07-14,2017-07-14
1686049,234236,INTRALAN,UKTTB-11-9250-4,2016-10-21,2019-10-21,2016-10-21,2019-10-21
1712248,234209,DOUBLEED,01179507115,2017-01-24,2018-01-24,2017-01-24,2018-01-24
1712275,234218,FOCUS,ETHA12587582,2017-01-26,2020-01-26,2017-01-26,2020-01-26
1681093,234243,LANCE,GCI_GCI01169_6,2013-05-07,2014-05-07,2013-05-07,2014-05-07
1681096,234243,LANCE,GCI_GCI01169_9,2013-05-14,2014-05-14,2013-05-14,2014-05-14
1681108,234243,LANCE,GCI_GCI01169_21,2013-02-25,2014-02-25,2013-02-25,2014-02-25
1681109,234243,LANCE,GCI_GCI01169_22,2013-06-26,2014-06-26,2013-06-26,2014-06-26
1681111,234243,LANCE,GCI_GCI01169_24,2013-03-28,2014-03-28,2013-03-28,2014-03-28
1661337,234271,PETROL,GCI_GCI01197_1,2016-02-08,2017-02-08,2016-02-08,2017-02-08
1661341,234283,SHGSYS,GCI_GCI01209_1,2016-03-18,2017-03-18,2016-03-18,2017-03-18
1661343,234285,SIGNETSE,GCI_GCI01211_2,2013-11-19,2014-11-19,2013-11-19,2014-11-19
1661364,234259,NETPROJ,GCI_GCI01185_1,2016-01-08,2017-01-08,2016-01-08,2017-01-08
1702094,234218,FOCUS,F08160487,2016-09-30,2016-10-30,2016-09-30,2016-10-30
1702000,234209,DOUBLEED,02035810314,2016-09-01,2017-09-01,2016-09-01,2017-09-01
1666682,234248,LIFEWAYS,01270368179,2016-06-30,2016-08-30,2016-06-30,2016-08-30
1721260,234209,DOUBLEED,UKCOL-83-9157-3,2016-02-26,2017-02-26,2016-02-26,2017-02-26
1721253,234283,SHGSYS,01172397025,2014-08-20,2015-08-20,2014-08-20,2015-08-20
1660306,234201,CRL,ETHA12278082,2015-11-27,2018-11-27,2015-11-27,2016-11-27
1660373,234208,DOMAINMA,ETHA12325135,2015-07-07,2016-07-07,2015-07-07,2016-07-07
1660378,234209,DOUBLEED,01923903038,2015-05-13,2016-05-13,2015-05-13,2016-05-13
1660379,234209,DOUBLEED,02037304275,2016-01-11,2017-01-11,2016-01-11,2017-01-11
1660388,234209,DOUBLEED,CAL124041,2016-02-01,2017-02-01,2016-02-01,2017-02-01
1660394,234209,DOUBLEED,ETHA11988590,2016-02-01,2017-02-01,2016-02-01,2017-02-01
1660397,234209,DOUBLEED,ETHA12240443,2015-03-26,2016-03-26,2015-03-26,2016-03-26
1660408,234209,DOUBLEED,TTB0223895,2016-02-01,2017-02-01,2016-02-01,2017-02-01
1660445,234221,GARBE,ETHA12159475,2014-12-05,2015-12-05,2014-12-05,2015-12-05
1660447,234263,NIXON,TTB0118661,2013-07-23,2014-07-23,2013-07-23,2014-07-23
1660468,234226,HEADOFFI,CAL168318,2015-12-01,2016-12-01,2015-12-01,2016-12-01
1660469,234229,HORSEBRI,01294286264,2014-12-01,2015-12-01,2014-12-01,2015-12-01
1660481,234229,HORSEBRI,01478650329,2015-06-01,2016-06-01,2015-06-01,2016-06-01
1660483,234229,HORSEBRI,01496840770,2014-08-25,2015-08-25,2014-08-25,2015-08-25
1660496,234229,HORSEBRI,01700505451,2014-12-01,2015-12-01,2014-12-01,2015-12-01
1660497,234229,HORSEBRI,01770302189,2015-06-01,2016-06-01,2015-06-01,2016-06-01
1660503,234229,HORSEBRI,01871817999,2014-08-27,2015-08-27,2014-08-27,2015-08-27
1660509,234229,HORSEBRI,EFM0309431,2015-09-01,2016-09-01,2015-09-01,2016-09-01
1660513,234229,HORSEBRI,TTB0277685,2014-12-01,2015-12-01,2014-12-01,2015-12-01
1660535,234236,INTRALAN,ETHA12100817,2014-11-03,2015-11-03,2014-11-03,2015-11-03
1660538,234236,INTRALAN,ETHA12308329,2015-05-07,2016-05-07,2015-05-07,2016-05-07
1660552,234241,JWMEDIAM,ETHA12165368,2015-10-19,2016-10-19,2015-10-19,2016-10-19
1660561,234243,LANCE,01224637644,2013-03-22,2014-03-22,2013-03-22,2014-03-22
1660563,234243,LANCE,01234345951,2013-03-22,2014-03-22,2013-03-22,2014-03-22
1660564,234243,LANCE,01242238778,2013-03-01,2014-03-01,2013-03-01,2014-03-01
1660565,234243,LANCE,01245505222,2013-11-21,2014-11-21,2013-11-21,2014-11-21
1660577,234243,LANCE,01303243896,2013-03-22,2014-03-22,2013-03-22,2014-03-22
1660619,234243,LANCE,01582484325,2013-03-22,2014-03-22,2013-03-22,2014-03-22
1660628,234243,LANCE,01633220728,2013-03-28,2014-03-28,2013-03-28,2014-03-28
1660635,234243,LANCE,01639770929,2013-02-25,2014-02-25,2013-02-25,2014-02-25
1660637,234243,LANCE,01639813104,2013-03-28,2014-03-28,2013-03-28,2014-03-28
1660655,234243,LANCE,01639897802,2013-03-28,2014-03-28,2013-03-28,2014-03-28
1660656,234243,LANCE,01639899019,2013-03-28,2014-03-28,2013-03-28,2014-03-28
1660667,234243,LANCE,01685379837,2013-06-26,2014-06-26,2013-06-26,2014-06-26
1660678,234243,LANCE,01782788858,2013-03-18,2014-03-18,2013-03-18,2014-03-18
1660691,234243,LANCE,01792473026,2013-02-14,2014-02-14,2013-02-14,2014-02-14
1660702,234243,LANCE,01792781884,2013-02-27,2014-02-27,2013-02-27,2014-02-27
1660703,234243,LANCE,01792797482,2013-02-20,2014-02-20,2013-02-20,2014-02-20
1660706,234243,LANCE,01792812468,2013-04-16,2014-04-16,2013-04-16,2014-04-16
1660707,234243,LANCE,01792814485,2013-06-26,2014-06-26,2013-06-26,2014-06-26
1660717,234243,LANCE,01896758631,2013-03-12,2014-03-12,2013-03-12,2014-03-12
1660724,234243,LANCE,01908395962,2013-03-28,2014-03-28,2013-03-28,2014-03-28
1660762,234243,LANCE,02920625582,2013-03-01,2014-03-01,2013-03-01,2014-03-01
1660774,234243,LANCE,TTB0223548,2013-10-09,2014-10-09,2013-10-09,2014-10-09
1660775,234243,LANCE,TTB0223549,2013-10-04,2014-10-04,2013-10-04,2014-10-04
1660790,234246,LEMONGRO,01788879480,2015-09-08,2016-09-08,2015-09-08,2016-09-08
1660795,234251,MARLBORO,CAL066322,2013-10-02,2014-10-02,2013-10-02,2014-10-02
1660817,234257,NCPLTD,ETHA01690050,2014-11-01,2015-11-01,2014-11-01,2015-11-01
1660820,234256,NATTER,01932567488,2013-01-01,2014-01-01,2013-01-01,2014-01-01
1660821,234256,NATTER,01932873913,2013-01-01,2014-01-01,2013-01-01,2014-01-01
1660824,234261,NEXUSOPE,01213846693,2015-11-19,2016-11-19,2015-11-19,2016-11-19
1660826,234261,NEXUSOPE,01271325962,2013-02-10,2014-02-10,2013-02-10,2014-02-10
1660832,234261,NEXUSOPE,01803327968,2013-02-10,2014-02-10,2013-02-10,2014-02-10
1660835,234261,NEXUSOPE,EFM0289026,2015-01-09,2016-01-09,2015-01-09,2016-01-09
1660837,234261,NEXUSOPE,ETHA12102992,2014-09-11,2015-09-11,2014-09-11,2015-09-11
1660862,234269,PERVASIV,TTB0088420,2013-01-21,2014-01-21,2013-01-21,2014-01-21
1721268,234209,DOUBLEED,GCI_GCI01135_26_1,2015-04-17,2016-04-17,2015-04-17,2016-04-17
1666714,234247,LIFECAPX,UKTTB-11-9601-2_CAP,2016-06-20,2017-06-20,2016-06-20,2017-06-20
1666987,234218,FOCUS,ETHA01804661,2016-07-01,2017-07-01,2016-07-01,2017-07-01
1666984,234218,FOCUS,GCI_GCI01278_2,2016-07-01,2017-07-01,2016-07-01,2017-07-01
1666993,234218,FOCUS,GCI_GCI01278_10,2016-07-01,2017-07-01,2016-07-01,2017-07-01
1684833,234236,INTRALAN,ONEA326580,2016-05-18,2019-05-18,2016-05-18,2019-05-18
1684834,234236,INTRALAN,ETHA12679694,2016-07-12,2019-07-12,2016-07-12,2019-07-12
1681094,234243,LANCE,GCI_GCI01169_7,2013-06-10,2014-06-10,2013-06-10,2014-06-10
1681102,234243,LANCE,GCI_GCI01169_15,2013-02-20,2014-02-20,2013-02-20,2014-02-20
1681118,234243,LANCE,GCI_GCI01169_31,2013-03-28,2014-03-28,2013-03-28,2014-03-28
1661361,234236,INTRALAN,GCI_GCI01162_1,2016-02-17,2017-02-17,2016-02-17,2017-02-17
1666685,234248,LIFEWAYS,ETHA12660690,2016-06-29,2017-06-29,2016-06-29,2017-06-29
1666686,234209,DOUBLEED,ETHA12548262,2016-06-29,2019-06-29,2016-06-29,2019-06-29
1666706,234247,LIFECAPX,UKTTX-9-8240-2_CAP,2016-06-28,2016-07-28,2016-06-28,2016-07-28
1666707,234209,DOUBLEED,0151000214,2016-06-10,2016-07-10,2016-06-10,2016-07-10
1666709,234209,DOUBLEED,01843862204,2016-06-02,2016-07-02,2016-06-02,2016-07-02
1721262,234209,DOUBLEED,UKCOL-11-8612-3,2015-02-22,2016-02-22,2015-02-22,2016-02-22
1660315,234203,D2NET,01782437539,2013-09-25,2014-09-25,2013-09-25,2014-09-25
1660320,234203,D2NET,01785812685,2014-08-20,2015-08-20,2014-08-20,2015-08-20
1660321,234203,D2NET,01948871325,2014-04-30,2015-04-30,2014-04-30,2015-04-30
1660324,234203,D2NET,02477988318,2013-02-04,2014-02-04,2013-02-04,2014-02-04
1660369,234206,DISCUSSY,TTB0230982,2014-01-16,2015-01-16,2014-01-16,2015-01-16
1660372,234207,DLRC,EFM0276099,2014-08-21,2015-08-21,2014-08-21,2015-08-21
1660384,234209,DOUBLEED,02080019642,2014-06-17,2015-06-17,2014-06-17,2015-06-17
1660406,234209,DOUBLEED,ONEA827768,2015-08-19,2016-08-19,2015-08-19,2016-08-19
1660409,234209,DOUBLEED,TTB0277334,2015-12-08,2016-12-08,2015-12-08,2016-12-08
1660416,234213,EGSINTER,TTB0234436,2014-03-21,2015-03-21,2014-03-21,2015-03-21
1660420,234216,EVENT,ETHA12367299,2015-12-21,2016-12-21,2015-12-21,2016-12-21
1660449,234223,GOLDFIEL,01132531981,2013-02-12,2014-02-12,2013-02-12,2014-02-12
1660452,234223,GOLDFIEL,01133189905,2013-05-21,2014-05-21,2013-05-21,2014-05-21
1660458,234223,GOLDFIEL,01977310120,2015-12-18,2016-12-18,2015-12-18,2016-12-18
1660472,234229,HORSEBRI,01470542249,2015-09-01,2016-09-01,2015-09-01,2016-09-01
1660477,234229,HORSEBRI,01475520940,2015-06-01,2016-06-01,2015-06-01,2016-06-01
1660478,234229,HORSEBRI,01475521746,2014-12-01,2015-12-01,2014-12-01,2015-12-01
1660488,234229,HORSEBRI,01681700207,2015-06-01,2016-06-01,2015-06-01,2016-06-01
1660502,234229,HORSEBRI,01854612927,2015-09-01,2016-09-01,2015-09-01,2016-09-01
1660511,234229,HORSEBRI,ETHA12134112,2014-12-01,2015-12-01,2014-12-01,2015-12-01
1660512,234229,HORSEBRI,ETHA12317604,2015-06-01,2016-06-01,2015-06-01,2016-06-01
1660518,234231,HOUNDISC,ETHA12308486,2015-06-30,2016-06-30,2015-06-30,2016-06-30
1660532,234236,INTRALAN,EFM0418021,2016-02-18,2017-02-18,2016-02-18,2017-02-18
1660567,234243,LANCE,01270509884,2013-05-23,2014-05-23,2013-05-23,2014-05-23
1660569,234243,LANCE,01271373092,2013-03-01,2014-03-01,2013-03-01,2014-03-01
1660570,234243,LANCE,01273681608,2013-03-22,2014-03-22,2013-03-22,2014-03-22
1660571,234243,LANCE,01273739313,2013-03-01,2014-03-01,2013-03-01,2014-03-01
1660575,234243,LANCE,01291674909,2015-04-16,2016-04-16,2015-04-16,2016-04-16
1660580,234243,LANCE,01326319344,2013-06-03,2014-06-03,2013-06-03,2014-06-03
1660583,234243,LANCE,01342312245,2013-03-25,2014-03-25,2013-03-25,2014-03-25
1660587,234243,LANCE,01392432832,2013-11-25,2014-11-25,2013-11-25,2014-11-25
1660589,234243,LANCE,01417719034,2016-04-20,2017-04-20,2016-04-20,2017-04-20
1660592,234243,LANCE,01420544675,2013-03-22,2014-03-22,2013-03-22,2014-03-22
1660597,234243,LANCE,01473212058,2013-03-22,2014-03-22,2013-03-22,2014-03-22
1660602,234243,LANCE,01483763019,2013-05-24,2014-05-24,2013-05-24,2014-05-24
1660620,234243,LANCE,01603661003,2013-05-21,2014-05-21,2013-05-21,2014-05-21
1660631,234243,LANCE,01634363615,2013-02-04,2014-02-04,2013-02-04,2014-02-04
1660632,234243,LANCE,01634843152,2013-03-14,2014-03-14,2013-03-14,2014-03-14
1660645,234243,LANCE,01639823397,2013-03-28,2014-03-28,2013-03-28,2014-03-28
1660646,234243,LANCE,01639823821,2013-03-21,2014-03-21,2013-03-21,2014-03-21
1660665,234243,LANCE,01656741443,2013-06-26,2014-06-26,2013-06-26,2014-06-26
1660669,234243,LANCE,01698844304,2013-06-26,2014-06-26,2013-06-26,2014-06-26
1660675,234243,LANCE,01757704519,2013-03-21,2014-03-21,2013-03-21,2014-03-21
1660679,234243,LANCE,01792203958,2013-03-28,2014-03-28,2013-03-28,2014-03-28
1660683,234243,LANCE,01792366156,2013-06-26,2014-06-26,2013-06-26,2014-06-26
1660710,234243,LANCE,01792817776,2013-03-28,2014-03-28,2013-03-28,2014-03-28
1660715,234243,LANCE,01834844381,2013-03-28,2014-03-28,2013-03-28,2014-03-28
1660718,234243,LANCE,01903716651,2013-03-22,2014-03-22,2013-03-22,2014-03-22
1660725,234243,LANCE,01908676209,2013-03-28,2014-03-28,2013-03-28,2014-03-28
1660726,234243,LANCE,01908696777,2013-03-28,2014-03-28,2013-03-28,2014-03-28
1660727,234243,LANCE,01912304872,2014-04-11,2015-04-11,2014-04-11,2015-04-11
1660738,234243,LANCE,02075818000,2013-03-22,2014-03-22,2013-03-22,2014-03-22
1660744,234243,LANCE,02084230523,2013-03-28,2014-03-28,2013-03-28,2014-03-28
1660745,234243,LANCE,02085709186,2013-02-21,2014-02-21,2013-02-21,2014-02-21
1660765,234243,LANCE,CAL115532,2013-06-06,2014-06-06,2013-06-06,2014-06-06
1660768,234243,LANCE,ETHA01748336,2014-12-01,2015-12-01,2014-12-01,2015-12-01
1660791,234246,LEMONGRO,TTB0124459,2013-06-14,2014-06-14,2013-06-14,2014-06-14
1660793,234244,LDNGUARD,ETHA11944526,2014-07-18,2015-07-18,2014-07-18,2015-07-18
1660799,234252,MATORTHO,TTB0088371,2016-09-26,2019-09-26,2013-01-18,2014-01-18
1660802,234253,MCPARLAN,CAL105417,2013-05-01,2014-05-01,2013-05-01,2014-05-01
1660811,234257,NCPLTD,01212360366,2014-11-01,2015-11-01,2014-11-01,2015-11-01
1660818,234257,NCPLTD,ETHA01691040,2014-11-01,2015-11-01,2014-11-01,2015-11-01
1666986,234218,FOCUS,ETHA01804790,2016-07-01,2017-07-01,2016-07-01,2017-07-01
1666985,234218,FOCUS,GCI_GCI01278_6,2016-07-01,2017-07-01,2016-07-01,2017-07-01
1684835,234236,INTRALAN,ETHA12682985,2016-07-13,2019-07-13,2016-07-13,2019-07-13
1681104,234243,LANCE,GCI_GCI01169_17,2013-01-21,2014-01-21,2013-01-21,2014-01-21
1681106,234243,LANCE,GCI_GCI01169_19,2013-02-22,2014-02-22,2013-02-22,2014-02-22
1681112,234243,LANCE,GCI_GCI01169_25,2013-03-28,2014-03-28,2013-03-28,2014-03-28
1681117,234243,LANCE,GCI_GCI01169_30,2013-03-28,2014-03-28,2013-03-28,2014-03-28
1661331,234257,NCPLTD,GCI_GCI01183_2,2016-03-07,2017-03-07,2016-03-07,2017-03-07
1661355,234202,CUSTOMCO,GCI_GCI01128_1,2015-03-02,2016-03-02,2015-03-02,2016-03-02
1666672,234236,INTRALAN,ETHA12367560,2016-05-27,2019-05-27,2016-05-27,2019-05-27
1666678,234261,NEXUSOPE,TTB0528801,2016-06-10,2019-06-10,2016-06-10,2019-06-10
1666679,234248,LIFEWAYS,UKTTB-11-9601-2,2016-06-20,2017-06-20,2016-06-20,2017-06-20
1666683,234271,PETROL,02084513370,2016-06-30,2019-06-30,2016-06-30,2019-06-30
1666705,234279,SAPHIRE,UKFMN-2399-9611-6,2016-05-25,2016-06-25,2016-05-25,2016-06-25
1721254,234283,SHGSYS,01934253716,2016-04-01,2017-04-01,2016-04-01,2017-04-01
1660307,234202,CUSTOMCO,TTB0231003,2014-02-21,2015-02-21,2014-02-21,2015-02-21
1660311,234203,D2NET,01535656365,2013-11-29,2014-11-29,2013-11-29,2014-11-29
1660326,234203,D2NET,ETHA11800123,2015-10-30,2016-10-30,2015-10-30,2016-10-30
1660327,234203,D2NET,ETHA12163270,2014-11-11,2015-11-11,2014-11-11,2015-11-11
1660371,234206,DISCUSSY,TTB0294723,2015-02-18,2016-02-18,2015-02-18,2016-02-18
1660380,234209,DOUBLEED,02072565757,2015-10-12,2016-10-12,2015-10-12,2016-10-12
1660381,234209,DOUBLEED,02072566180,2015-10-12,2016-10-12,2015-10-12,2016-10-12
1660386,234209,DOUBLEED,CAL0153815,2015-02-09,2016-02-09,2015-02-09,2016-02-09
1660400,234209,DOUBLEED,ETHA12367089,2015-07-23,2016-07-23,2015-07-23,2016-07-23
1660405,234209,DOUBLEED,ONEA730708,2016-04-01,2017-04-01,2016-04-01,2017-04-01
1660456,234223,GOLDFIEL,01642756019,2013-03-20,2014-03-20,2013-03-20,2014-03-20
1660489,234229,HORSEBRI,01687462385,2015-06-01,2016-06-01,2015-06-01,2016-06-01
1660493,234229,HORSEBRI,01700502121,2015-09-01,2016-09-01,2015-09-01,2016-09-01
1660501,234229,HORSEBRI,01854612541,2014-12-01,2015-12-01,2014-12-01,2015-12-01
1660504,234229,HORSEBRI,01878700200,2015-09-01,2016-09-01,2015-09-01,2016-09-01
1660573,234243,LANCE,01283537651,2013-05-08,2014-05-08,2013-05-08,2014-05-08
1660578,234243,LANCE,01304241796,2014-07-01,2015-07-01,2014-07-01,2015-07-01
1660593,234243,LANCE,01425622062,2013-07-11,2014-07-11,2013-07-11,2014-07-11
1660601,234243,LANCE,01483533776,2013-03-22,2014-03-22,2013-03-22,2014-03-22
1660607,234243,LANCE,01512368412,2013-03-12,2014-03-12,2013-03-12,2014-03-12
1660613,234243,LANCE,01554821004,2013-03-28,2014-03-28,2013-03-28,2014-03-28
1660617,234243,LANCE,01554823996,2013-03-28,2014-03-28,2013-03-28,2014-03-28
1660622,234243,LANCE,01617497576,2013-03-22,2014-03-22,2013-03-22,2014-03-22
1660625,234243,LANCE,01618340275,2013-03-06,2014-03-06,2013-03-06,2014-03-06
1660629,234243,LANCE,01633681923,2013-02-18,2014-02-18,2013-02-18,2014-02-18
1660666,234243,LANCE,01656788889,2013-03-28,2014-03-28,2013-03-28,2014-03-28
1660676,234243,LANCE,01761462279,2013-06-17,2014-06-17,2013-06-17,2014-06-17
1660690,234243,LANCE,01792472355,2013-03-28,2014-03-28,2013-03-28,2014-03-28
1660698,234243,LANCE,01792700644,2013-03-28,2014-03-28,2013-03-28,2014-03-28
1660711,234243,LANCE,01792818390,2013-02-22,2014-02-22,2013-02-22,2014-02-22
1660713,234243,LANCE,01797224585,2013-06-12,2014-06-12,2013-06-12,2014-06-12
1660720,234243,LANCE,01904655945,2013-11-21,2014-11-21,2013-11-21,2014-11-21
1660732,234243,LANCE,01993706170,2013-06-03,2014-06-03,2013-06-03,2014-06-03
1660733,234243,LANCE,02031160188,2013-03-22,2014-03-22,2013-03-22,2014-03-22
1660747,234243,LANCE,02086400763,2013-03-01,2014-03-01,2013-03-01,2014-03-01
1660760,234243,LANCE,02920498869,2013-03-28,2014-03-28,2013-03-28,2014-03-28
1660769,234243,LANCE,ETHA01803824,2013-01-04,2014-01-04,2013-01-04,2014-01-04
1660804,234254,MENDIP,ETHA12237834,2015-07-15,2016-07-15,2015-07-15,2016-07-15
1660839,234261,NEXUSOPE,ETHA12149561,2015-03-02,2016-03-02,2015-03-02,2016-03-02
1660849,234264,NUTBOURN,02035839137,2016-03-26,2017-03-26,2016-03-26,2017-03-26
1660851,234265,OAKHILLE,ETHA12249937_1,2016-01-14,2017-01-14,2016-01-14,2017-01-14
1660857,234267,OMEGA1,EoFTTC72,2014-01-16,2015-01-16,2014-01-16,2015-01-16
1660859,234268,PAULAVIN,ETHA12367917,2015-09-28,2016-09-28,2015-09-28,2016-09-28
1660869,234273,PLAYGOLF,ETHA11433407,2014-07-16,2015-07-16,2014-07-16,2015-07-16
1660894,234277,ROOTS,ETHA12106212,2014-10-20,2015-10-20,2014-10-20,2015-10-20
1660911,234281,SETEL,TTB0069146,2013-02-01,2014-02-01,2013-02-01,2014-02-01
1660916,234283,SHGSYS,01172392743,2016-02-01,2017-02-01,2016-02-01,2017-02-01
1660930,234283,SHGSYS,01326212394,2015-02-25,2016-02-25,2015-02-25,2016-02-25
1660942,234283,SHGSYS,ETHA12238850,2016-03-08,2017-03-08,2016-03-08,2017-03-08
1660945,234283,SHGSYS,ETHA12365453,2015-10-21,2016-10-21,2015-10-21,2016-10-21
1660958,234290,SOMERBON,TTB0127602,2013-06-21,2014-06-21,2013-06-21,2014-06-21
1660968,234295,SUPPOR,ETHA11961793,2015-04-23,2016-04-23,2015-04-23,2016-04-23
1660974,234300,TELEVISI,ETHA11540202,2014-01-28,2015-01-28,2014-01-28,2015-01-28
1661015,234258,NEOERA,ETHA01746093,2013-02-01,2014-02-01,2013-02-01,2014-02-01
1661030,234228,HORIZON,01212934571,2013-11-25,2014-11-25,2013-11-25,2014-11-25
1661039,234228,HORIZON,02070418527,2013-10-11,2014-10-11,2013-10-11,2014-10-11
1661177,234236,INTRALAN,ETHA12031433,2015-03-12,2016-03-12,2015-03-12,2016-03-12
1661178,234236,INTRALAN,ETHA12033016,2014-10-09,2015-10-09,2014-10-09,2015-10-09
1661230,234209,DOUBLEED,02074369731,2016-02-24,2017-02-24,2016-02-24,2017-02-24
1661233,234203,D2NET,02035817930,2016-02-01,2017-02-01,2016-02-01,2017-02-01
1661296,234209,DOUBLEED,GCI_GCI01135_24,2015-07-23,2016-07-23,2015-07-23,2016-07-23
1661298,234209,DOUBLEED,GCI_GCI01135_27,2016-04-04,2017-04-04,2016-04-04,2017-04-04
1661300,234209,DOUBLEED,GCI_GCI01135_29,2015-04-15,2016-04-15,2015-04-15,2016-04-15
1661306,234209,DOUBLEED,GCI_GCI01135_35,2015-01-12,2016-01-12,2015-01-12,2016-01-12
1685943,234218,FOCUS,UKBTW-11-8275-3,2016-07-15,2019-07-15,2016-07-15,2019-07-15
1686048,234206,DISCUSSY,UKTTB-11-9632-2,2016-10-21,2019-10-21,2016-10-21,2019-10-21
1681091,234243,LANCE,GCI_GCI01169_4,2013-06-03,2014-06-03,2013-06-03,2014-06-03
1681101,234243,LANCE,GCI_GCI01169_14,2013-02-19,2014-02-19,2013-02-19,2014-02-19
1661327,234238,JOHNPERK,GCI_GCI01164_1,2016-03-31,2017-03-31,2016-03-31,2017-03-31
1661333,234256,NATTER,GCI_GCI01182_1,2014-09-01,2015-09-01,2014-09-01,2015-09-01
1661357,234209,DOUBLEED,GCI_GCI01135_23,2015-07-23,2016-07-23,2015-07-23,2016-07-23
1661360,234229,HORSEBRI,GCI_GCI01155_2,2014-08-27,2015-08-27,2014-08-27,2015-08-27
1661363,234209,DOUBLEED,GCI_GCI01135_45,2015-08-13,2016-08-13,2015-08-13,2016-08-13
1660316,234203,D2NET,01782788447,2014-06-09,2015-06-09,2014-06-09,2015-06-09
1660323,234203,D2NET,02085014283,2013-08-08,2014-08-08,2013-08-08,2014-08-08
1660328,234203,D2NET,ETHA12240502,2016-01-14,2017-01-14,2016-01-14,2017-01-14
1660332,234205,DIGITAL,ETHA11763865,2014-03-31,2015-03-31,2014-03-31,2015-03-31
1660398,234209,DOUBLEED,ETHA12240718,2015-02-18,2016-02-18,2015-02-18,2016-02-18
1660402,234209,DOUBLEED,ETHA12418251,2015-09-30,2016-09-30,2015-09-30,2016-09-30
1660407,234209,DOUBLEED,TTB0124553,2015-07-23,2016-07-23,2015-07-23,2016-07-23
1660454,234223,GOLDFIEL,01282862355,2014-10-01,2015-10-01,2014-10-01,2015-10-01
1660457,234223,GOLDFIEL,01909542983,2013-03-07,2014-03-07,2013-03-07,2014-03-07
1660459,234223,GOLDFIEL,01977683768,2015-06-19,2016-06-19,2015-06-19,2016-06-19
1660461,234225,GRIFFITH,ETHA12343410,2015-10-01,2016-10-01,2015-10-01,2016-10-01
1660474,234229,HORSEBRI,01471844365,2015-06-01,2016-06-01,2015-06-01,2016-06-01
1660484,234229,HORSEBRI,01586552203,2014-12-01,2015-12-01,2014-12-01,2015-12-01
1660505,234229,HORSEBRI,01878700640,2015-09-01,2016-09-01,2015-09-01,2016-09-01
1660506,234229,HORSEBRI,01879220056,2014-08-20,2015-08-20,2014-08-20,2015-08-20
1660531,234236,INTRALAN,EFM0374984,2015-09-30,2016-09-30,2015-09-30,2016-09-30
1660536,234236,INTRALAN,ETHA12281250,2015-03-20,2016-03-20,2015-03-20,2016-03-20
1660551,234240,JSCOM,01785841635,2014-04-10,2015-04-10,2014-04-10,2015-04-10
1660554,234242,LABELEXP,ETHA12278086,2015-04-10,2016-04-10,2015-04-10,2016-04-10
1660557,234243,LANCE,01189598069,2014-07-01,2015-07-01,2014-07-01,2015-07-01
1660559,234243,LANCE,01223301121,2013-03-22,2014-03-22,2013-03-22,2014-03-22
1660574,234243,LANCE,01289309273,2013-03-12,2014-03-12,2013-03-12,2014-03-12
1660579,234243,LANCE,01315579163,2013-01-24,2014-01-24,2013-01-24,2014-01-24
1660582,234243,LANCE,01337831601,2013-01-21,2014-01-21,2013-01-21,2014-01-21
1660585,234243,LANCE,01376324020,2013-03-22,2014-03-22,2013-03-22,2014-03-22
1660594,234243,LANCE,01443479628,2013-03-14,2014-03-14,2013-03-14,2014-03-14
1660595,234243,LANCE,01446700394,2013-02-28,2014-02-28,2013-02-28,2014-02-28
1660603,234243,LANCE,01489886818,2013-05-21,2014-05-21,2013-05-21,2014-05-21
1660618,234243,LANCE,01554824000,2013-10-30,2014-10-30,2013-10-30,2014-10-30
1660626,234243,LANCE,01622669591,2013-03-22,2014-03-22,2013-03-22,2014-03-22
1660634,234243,LANCE,01639721614,2013-02-26,2014-02-26,2013-02-26,2014-02-26
1660636,234243,LANCE,01639812373,2013-03-28,2014-03-28,2013-03-28,2014-03-28
1660643,234243,LANCE,01639821114,2013-02-21,2014-02-21,2013-02-21,2014-02-21
1660648,234243,LANCE,01639883228,2013-03-06,2014-03-06,2013-03-06,2014-03-06
1660659,234243,LANCE,01646602421,2013-02-18,2014-02-18,2013-02-18,2014-02-18
1660660,234243,LANCE,01656659893,2013-03-15,2014-03-15,2013-03-15,2014-03-15
1660661,234243,LANCE,01656665624,2013-02-21,2014-02-21,2013-02-21,2014-02-21
1660664,234243,LANCE,01656741352,2013-02-25,2014-02-25,2013-02-25,2014-02-25
1660670,234243,LANCE,01707257657,2013-09-11,2014-09-11,2013-09-11,2014-09-11
1660671,234243,LANCE,01708252743,2013-02-08,2014-02-08,2013-02-08,2014-02-08
1660686,234243,LANCE,01792463554,2013-03-28,2014-03-28,2013-03-28,2014-03-28
1660687,234243,LANCE,01792464538,2013-03-28,2014-03-28,2013-03-28,2014-03-28
1660689,234243,LANCE,01792465944,2013-08-15,2014-08-15,2013-08-15,2014-08-15
1660695,234243,LANCE,01792589147,2013-02-22,2014-02-22,2013-02-22,2014-02-22
1660722,234243,LANCE,01908236547,2013-03-28,2014-03-28,2013-03-28,2014-03-28
1660728,234243,LANCE,01947603589,2013-03-22,2014-03-22,2013-03-22,2014-03-22
1660735,234243,LANCE,02072496220,2013-03-22,2014-03-22,2013-03-22,2014-03-22
1660739,234243,LANCE,02076077283,2013-03-12,2014-03-12,2013-03-12,2014-03-12
1660741,234243,LANCE,02079295833,2013-09-23,2014-09-23,2013-09-23,2014-09-23
1660746,234243,LANCE,02085711225,2013-08-20,2014-08-20,2013-08-20,2014-08-20
1660764,234243,LANCE,CAL112297,2015-03-01,2016-03-01,2015-03-01,2016-03-01
1660782,234243,LANCE,TTB0223556,2013-10-16,2014-10-16,2013-10-16,2014-10-16
1660783,234243,LANCE,TTB0223557,2013-10-16,2014-10-16,2013-10-16,2014-10-16
1660789,234246,LEMONGRO,01268812706,2015-09-25,2016-09-25,2015-09-25,2016-09-25
1660792,234249,LIMESTRE,TTB0343587,2015-07-16,2016-07-16,2015-07-16,2016-07-16
1660797,234252,MATORTHO,TTB0088284,2016-09-26,2019-09-26,2013-02-06,2014-02-06
1660801,234253,MCPARLAN,01282219435,2013-05-01,2014-05-01,2013-05-01,2014-05-01
1660841,234261,NEXUSOPE,ETHA12395703,2015-09-04,2016-09-04,2015-09-04,2016-09-04
1660864,234271,PETROL,ETHA11779355,2014-04-04,2015-04-04,2014-04-04,2015-04-04
1660866,234271,PETROL,ETHA12523358,2016-03-14,2017-03-14,2016-03-14,2017-03-14
1660880,234276,RHMCCALL,TTB0141964,2014-10-01,2015-10-01,2014-10-01,2015-10-01
1660896,234278,RTIADVAN,TTB0137816,2013-08-19,2014-08-19,2013-08-19,2014-08-19
1660897,234279,SAPHIRE,ETHA12152832,2014-10-15,2015-10-15,2014-10-15,2015-10-15
1660906,234281,SETEL,ETHA05478526,2013-10-16,2014-10-16,2013-10-16,2014-10-16
1660908,234281,SETEL,ETHA11733576,2014-05-21,2015-05-21,2014-05-21,2015-05-21
1660926,234283,SHGSYS,01179671052,2015-03-10,2016-03-10,2015-03-10,2016-03-10
1660927,234283,SHGSYS,01225318782,2014-08-12,2015-08-12,2014-08-12,2015-08-12
1660934,234283,SHGSYS,01934253402,2015-07-10,2016-07-10,2015-07-10,2016-07-10
1660935,234283,SHGSYS,01934708027,2013-07-23,2014-07-23,2013-07-23,2014-07-23
1660939,234283,SHGSYS,02380872057,2015-02-25,2016-02-25,2015-02-25,2016-02-25
1660838,234261,NEXUSOPE,ETHA12103041,2014-11-10,2015-11-10,2014-11-10,2015-11-10
1660870,234273,PLAYGOLF,ETHA11996835,2014-09-15,2015-09-15,2014-09-15,2015-09-15
1660871,234274,PRIME,01438350724,2016-04-01,2017-04-01,2016-04-01,2017-04-01
1660872,234274,PRIME,02072427880,2015-01-20,2016-01-20,2015-01-20,2016-01-20
1660877,234274,PRIME,02075867018,2015-10-20,2016-10-20,2015-10-20,2016-10-20
1660904,234281,SETEL,EFM0236640,2014-03-21,2015-03-21,2014-03-21,2015-03-21
1660917,234283,SHGSYS,01172396866,2016-04-01,2017-04-01,2016-04-01,2017-04-01
1660924,234283,SHGSYS,01173368175,2016-04-01,2017-04-01,2016-04-01,2017-04-01
1660946,234283,SHGSYS,ETHA12367009,2016-04-01,2017-04-01,2016-04-01,2017-04-01
1660960,234291,SOUTHAMP,TTB0253176,2014-05-27,2015-05-27,2014-05-27,2015-05-27
1660963,234294,STRATOST,ETHA11962535,2014-05-16,2015-05-16,2014-05-16,2015-05-16
1661016,234258,NEOERA,ETHA12259884,2015-04-13,2016-04-13,2015-04-13,2016-04-13
1661017,234258,NEOERA,ETHA12299799,2015-04-14,2016-04-14,2015-04-14,2016-04-14
1661041,234228,HORIZON,02070418543,2013-10-11,2014-10-11,2013-10-11,2014-10-11
1661150,234203,D2NET,01782612408,2015-12-07,2016-12-07,2015-12-07,2016-12-07
1661170,234236,INTRALAN,EFM0282656,2014-09-23,2015-09-23,2014-09-23,2015-09-23
1661172,234236,INTRALAN,EOFTTC3529,2015-10-09,2016-10-09,2015-10-09,2016-10-09
1661175,234236,INTRALAN,ETHA11976740,2014-06-10,2015-06-10,2014-06-10,2015-06-10
1661207,234281,SETEL,EFM0284068,2014-10-06,2015-10-06,2014-10-06,2015-10-06
1661209,234283,SHGSYS,01179104966,2015-05-07,2016-05-07,2015-05-07,2016-05-07
1661213,234283,SHGSYS,01761462593,2015-04-09,2016-04-09,2015-04-09,2016-04-09
1661236,234283,SHGSYS,01392369901,2014-02-19,2015-02-19,2014-02-19,2015-02-19
1661264,234204,DCANDER,GCI_GCI01130_1,2014-11-28,2015-11-28,2014-11-28,2015-11-28
1661275,234209,DOUBLEED,GCI_GCI01135_1,2016-02-01,2017-02-01,2016-02-01,2017-02-01
1661290,234209,DOUBLEED,GCI_GCI01135_17,2016-03-31,2017-03-31,2016-03-31,2017-03-31
1661294,234209,DOUBLEED,GCI_GCI01135_21,2015-01-23,2016-01-23,2015-01-23,2016-01-23
1661301,234209,DOUBLEED,GCI_GCI01135_30,2014-11-28,2015-11-28,2014-11-28,2015-11-28
1661314,234209,DOUBLEED,GCI_GCI01135_43,2015-05-12,2016-05-12,2015-05-12,2016-05-12
1661315,234209,DOUBLEED,GCI_GCI01135_44,2015-04-08,2016-04-08,2015-04-08,2016-04-08
1661317,234209,DOUBLEED,GCI_GCI01135_48,2014-09-19,2015-09-19,2014-09-19,2015-09-19
1685921,234248,LIFEWAYS,01942355326,2016-07-08,2016-08-08,2016-07-08,2016-08-08
1659854,234248,LIFEWAYS,01513062715,2016-06-01,2017-06-01,2016-06-01,2017-06-01
1659863,234248,LIFEWAYS,01613122653,2016-06-01,2017-06-01,2016-06-01,2017-06-01
1659864,234248,LIFEWAYS,01744808663,2016-06-01,2017-06-01,2016-06-01,2017-06-01
1659870,234248,LIFEWAYS,01513457151,2016-06-01,2017-06-01,2016-06-01,2017-06-01
1659871,234248,LIFEWAYS,01513455820,2016-06-01,2017-06-01,2016-06-01,2017-06-01
1659879,234248,LIFEWAYS,01513785152,2016-06-01,2017-06-01,2016-06-01,2017-06-01
1684744,234248,LIFEWAYS,01594368923,2016-10-03,2017-10-03,2016-10-03,2017-10-03
1659881,234248,LIFEWAYS,01612224597,2016-06-01,2017-06-01,2016-06-01,2017-06-01
1659892,234248,LIFEWAYS,01704807024,2016-06-01,2017-06-01,2016-06-01,2017-06-01
1659895,234248,LIFEWAYS,01744322581,2016-06-01,2017-06-01,2016-06-01,2017-06-01
1659901,234248,LIFEWAYS,01392759575,2016-06-01,2017-06-01,2016-06-01,2017-06-01
1659904,234248,LIFEWAYS,01242321669,2016-06-01,2017-06-01,2016-06-01,2017-06-01
1659905,234248,LIFEWAYS,01793976428,2016-06-01,2017-06-01,2016-06-01,2017-06-01
1659909,234248,LIFEWAYS,01933551405,2016-06-01,2017-06-01,2016-06-01,2017-06-01
1659917,234248,LIFEWAYS,01483497909,2016-06-01,2017-06-01,2016-06-01,2017-06-01
1659931,234248,LIFEWAYS,01614786687,2016-06-01,2017-06-01,2016-06-01,2017-06-01
1659935,234248,LIFEWAYS,02037306648,2016-06-01,2017-06-01,2016-06-01,2017-06-01
1659936,234248,LIFEWAYS,01925550522,2016-06-01,2017-06-01,2016-06-01,2017-06-01
1659941,234248,LIFEWAYS,01282345431,2016-06-01,2017-06-01,2016-06-01,2017-06-01
1659944,234248,LIFEWAYS,01234965159,2016-06-01,2017-06-01,2016-06-01,2017-06-01
1659947,234248,LIFEWAYS,01978449912,2016-06-01,2017-06-01,2016-06-01,2017-06-01
1659948,234248,LIFEWAYS,02381785478,2016-06-01,2017-06-01,2016-06-01,2017-06-01
1659949,234248,LIFEWAYS,01494259061,2016-06-01,2017-06-01,2016-06-01,2017-06-01
1659954,234248,LIFEWAYS,01772933987,2016-06-01,2017-06-01,2016-06-01,2017-06-01
1659955,234248,LIFEWAYS,01782953095,2016-06-01,2017-06-01,2016-06-01,2017-06-01
1659956,234248,LIFEWAYS,01513520290,2016-06-01,2017-06-01,2016-06-01,2017-06-01
1659972,234248,LIFEWAYS,01274981007,2016-06-01,2017-06-01,2016-06-01,2017-06-01
1659974,234248,LIFEWAYS,01513780622,2016-06-01,2017-06-01,2016-06-01,2017-06-01
1659979,234248,LIFEWAYS,01614650722,2016-06-01,2017-06-01,2016-06-01,2017-06-01
1659993,234248,LIFEWAYS,01513520371,2016-06-01,2017-06-01,2016-06-01,2017-06-01
1659997,234248,LIFEWAYS,01522394183,2016-06-01,2017-06-01,2016-06-01,2017-06-01
1660016,234248,LIFEWAYS,01302943113,2016-06-01,2017-06-01,2016-06-01,2017-06-01
1660018,234248,LIFEWAYS,01782926850,2016-06-01,2017-06-01,2016-06-01,2017-06-01
1660020,234248,LIFEWAYS,01933770512,2016-06-01,2017-06-01,2016-06-01,2017-06-01
1660036,234248,LIFEWAYS,01244637596,2016-06-01,2017-06-01,2016-06-01,2017-06-01
1660052,234248,LIFEWAYS,01214393463,2016-06-01,2017-06-01,2016-06-01,2017-06-01
1660063,234248,LIFEWAYS,01733810450,2016-06-01,2017-06-01,2016-06-01,2017-06-01
1661189,234261,NEXUSOPE,0129732345,2014-05-28,2015-05-28,2014-05-28,2015-05-28
1661190,234261,NEXUSOPE,01803445610,2016-02-01,2017-02-01,2016-02-01,2017-02-01
1660079,234248,LIFEWAYS,01823617499,2016-06-01,2017-06-01,2016-06-01,2017-06-01
1660092,234248,LIFEWAYS,01623232235,2016-06-01,2017-06-01,2016-06-01,2017-06-01
1660093,234248,LIFEWAYS,01780440981,2016-06-01,2017-06-01,2016-06-01,2017-06-01
1660097,234248,LIFEWAYS,02036895019,2016-06-01,2017-06-01,2016-06-01,2017-06-01
1660098,234248,LIFEWAYS,01164298287,2016-06-01,2017-06-01,2016-06-01,2017-06-01
1660107,234248,LIFEWAYS,02381843543,2016-06-01,2017-06-01,2016-06-01,2017-06-01
1660108,234248,LIFEWAYS,01159981863,2016-06-01,2017-06-01,2016-06-01,2017-06-01
1660122,234248,LIFEWAYS,UKFMN-11-8933-4,2016-06-01,2017-06-01,2016-06-01,2017-06-01
1660115,234248,LIFEWAYS,ETHA12301797,2016-06-01,2017-06-01,2016-06-01,2017-06-01
1660822,234259,NETPROJ,ETHA12418410,2015-09-16,2016-09-16,2015-09-16,2016-09-16
1660825,234261,NEXUSOPE,01235832924,2013-01-01,2014-01-01,2013-01-01,2014-01-01
1660836,234261,NEXUSOPE,EFM58669,2016-04-01,2017-04-01,2016-04-01,2017-04-01
1660842,234261,NEXUSOPE,TTB0119202,2013-07-16,2014-07-16,2013-07-16,2014-07-16
1660843,234261,NEXUSOPE,TTB0124326,2013-06-12,2014-06-12,2013-06-12,2014-06-12
1660853,234266,OAKLANDS,01939768045,2013-05-14,2014-05-14,2013-05-14,2014-05-14
1660874,234274,PRIME,02073779872,2014-12-05,2015-12-05,2014-12-05,2015-12-05
1660892,234277,ROOTS,02034172988,2014-02-12,2015-02-12,2014-02-12,2015-02-12
1660895,234277,ROOTS,TTB0229463,2014-05-01,2015-05-01,2014-05-01,2015-05-01
1660898,234279,SAPHIRE,ETHA12166509,2015-01-13,2016-01-13,2015-01-13,2016-01-13
1660907,234281,SETEL,ETHA05484042,2013-10-04,2014-10-04,2013-10-04,2014-10-04
1660909,234281,SETEL,ETHA12132103,2016-03-24,2017-03-24,2016-03-24,2017-03-24
1660923,234283,SHGSYS,01173368093,2015-09-09,2016-09-09,2015-09-09,2016-09-09
1660938,234283,SHGSYS,01934863554,2015-03-05,2016-03-05,2015-03-05,2016-03-05
1660943,234283,SHGSYS,ETHA12258470,2015-03-06,2016-03-06,2015-03-06,2016-03-06
1660956,234288,SOFTLINK,08450940010,2013-01-01,2014-01-01,2013-01-01,2014-01-01
1660965,234295,SUPPOR,CAL098849,2013-01-01,2014-01-01,2013-01-01,2014-01-01
1660969,234295,SUPPOR,TTB0230868,2014-01-06,2015-01-06,2014-01-06,2015-01-06
1661028,234228,HORIZON,01212934523,2013-10-02,2014-10-02,2013-10-02,2014-10-02
1661031,234228,HORIZON,01212934583,2013-10-18,2014-10-18,2013-10-18,2014-10-18
1661141,234229,HORSEBRI,LULL0682,2014-12-01,2015-12-01,2014-12-01,2015-12-01
1661151,234203,D2NET,01782635814,2014-08-18,2015-08-18,2014-08-18,2015-08-18
1661169,234236,INTRALAN,EFM0279470,2014-09-30,2015-09-30,2014-09-30,2015-09-30
1661205,234281,SETEL,CAL132462,2014-10-13,2015-10-13,2014-10-13,2015-10-13
1661208,234283,SHGSYS,01172395950,2014-08-20,2015-08-20,2014-08-20,2015-08-20
1661261,234282,SGWEUROP,02030925779,2016-02-08,2017-02-08,2016-02-08,2017-02-08
1661271,234200,CONSIL,GCI_GCI01126_1,2013-01-01,2014-01-01,2013-01-01,2014-01-01
1661279,234209,DOUBLEED,GCI_GCI01135_5,2015-02-27,2016-02-27,2015-02-27,2016-02-27
1661289,234209,DOUBLEED,GCI_GCI01135_16,2014-10-15,2015-10-15,2014-10-15,2015-10-15
1661291,234209,DOUBLEED,GCI_GCI01135_18,2015-04-28,2016-04-28,2015-04-28,2016-04-28
1661299,234209,DOUBLEED,GCI_GCI01135_28,2015-07-06,2016-07-06,2015-07-06,2016-07-06
1661309,234209,DOUBLEED,GCI_GCI01135_38,2015-12-18,2016-12-18,2015-12-18,2016-12-18
1684748,234209,DOUBLEED,LONLONLE-203686,2016-09-01,2019-09-01,2016-09-01,2019-09-01
1661404,234218,FOCUS,ETHA12326346,2016-06-01,2017-06-01,2016-06-01,2017-06-01
1661405,234218,FOCUS,ETHA00130529,2016-06-01,2017-06-01,2016-06-01,2017-06-01
1661411,234218,FOCUS,ETHA05475572,2016-06-01,2017-06-01,2016-06-01,2017-06-01
1661432,234218,FOCUS,GCI_GCI01144_31,2016-06-01,2017-06-01,2016-06-01,2017-06-01
1659851,234248,LIFEWAYS,01513783991,2016-06-01,2017-06-01,2016-06-01,2017-06-01
1659860,234248,LIFEWAYS,01616378457,2016-06-01,2017-06-01,2016-06-01,2017-06-01
1659862,234248,LIFEWAYS,01513459378,2016-06-01,2017-06-01,2016-06-01,2017-06-01
1659865,234248,LIFEWAYS,01204777409,2016-06-01,2017-06-01,2016-06-01,2017-06-01
1659874,234248,LIFEWAYS,01457239626,2016-06-01,2017-06-01,2016-06-01,2017-06-01
1684746,234248,LIFEWAYS,01513459168,2016-08-01,2017-08-01,2016-08-01,2017-08-01
1659891,234248,LIFEWAYS,01513785984,2016-06-01,2017-06-01,2016-06-01,2017-06-01
1659894,234248,LIFEWAYS,01670207092,2016-06-01,2017-06-01,2016-06-01,2017-06-01
1659897,234248,LIFEWAYS,01513785483,2016-06-01,2017-06-01,2016-06-01,2017-06-01
1659920,234248,LIFEWAYS,01254485503,2016-06-01,2017-06-01,2016-06-01,2017-06-01
1659922,234248,LIFEWAYS,01204227285,2016-06-01,2017-06-01,2016-06-01,2017-06-01
1659961,234248,LIFEWAYS,01733665364,2016-06-01,2017-06-01,2016-06-01,2017-06-01
1660198,234227,HENDERSO,J61211,2015-02-17,2016-02-17,2015-02-17,2016-02-17
1661152,234203,D2NET,01782821629,2014-08-04,2015-08-04,2014-08-04,2015-08-04
1661155,234203,D2NET,01782848732,2014-08-18,2015-08-18,2014-08-18,2015-08-18
1661158,234203,D2NET,02037199949,2014-07-10,2015-07-10,2014-07-10,2015-07-10
1661165,234233,ICT,CAL142047,2014-07-22,2015-07-22,2014-07-22,2015-07-22
1661166,234236,INTRALAN,02073294147,2015-01-30,2016-01-30,2015-01-30,2016-01-30
1659978,234248,LIFEWAYS,01670946477,2016-06-01,2017-06-01,2016-06-01,2017-06-01
1659984,234248,LIFEWAYS,01242317811,2016-06-01,2017-06-01,2016-06-01,2017-06-01
1659987,234248,LIFEWAYS,01234262528,2016-06-01,2017-06-01,2016-06-01,2017-06-01
1660218,234204,DCANDER,EFM0288983,2014-11-12,2015-11-12,2014-11-12,2015-11-12
1660219,234204,DCANDER,ETHA12149080,2014-11-07,2015-11-07,2014-11-07,2015-11-07
1659996,234248,LIFEWAYS,01752785427,2016-06-01,2017-06-01,2016-06-01,2017-06-01
1659999,234248,LIFEWAYS,01332493529,2016-06-01,2017-06-01,2016-06-01,2017-06-01
1660000,234248,LIFEWAYS,01612589635,2016-06-01,2017-06-01,2016-06-01,2017-06-01
1660031,234248,LIFEWAYS,01483346654,2016-06-01,2017-06-01,2016-06-01,2017-06-01
1660037,234248,LIFEWAYS,01322586285,2016-06-01,2017-06-01,2016-06-01,2017-06-01
1660038,234248,LIFEWAYS,01423313705,2016-06-01,2017-06-01,2016-06-01,2017-06-01
1660053,234248,LIFEWAYS,01204776089,2016-06-01,2017-06-01,2016-06-01,2017-06-01
1660054,234248,LIFEWAYS,01354279681,2016-06-01,2017-06-01,2016-06-01,2017-06-01
1661194,234261,NEXUSOPE,ETHA12413870,2016-04-01,2017-04-01,2016-04-01,2017-04-01
1661195,234261,NEXUSOPE,TTB0274653,2014-09-23,2015-09-23,2014-09-23,2015-09-23
1660088,234248,LIFEWAYS,01494259154,2016-06-01,2017-06-01,2016-06-01,2017-06-01
1660090,234248,LIFEWAYS,01925694866,2016-06-01,2017-06-01,2016-06-01,2017-06-01
1661198,234274,PRIME,01202765936,2014-07-23,2015-07-23,2014-07-23,2015-07-23
1660101,234248,LIFEWAYS,01539422072,2016-06-01,2017-06-01,2016-06-01,2017-06-01
1660109,234248,LIFEWAYS,01905641827,2016-06-01,2017-06-01,2016-06-01,2017-06-01
1660129,234248,LIFEWAYS,TTB0276746,2016-06-01,2017-06-01,2016-06-01,2017-06-01
1661204,234281,SETEL,02084649386,2015-02-12,2016-02-12,2015-02-12,2016-02-12
1666699,234247,LIFECAPX,ETHA12660690_CAP,2016-06-29,2017-06-29,2016-06-29,2017-06-29
1666700,234236,INTRALAN,UKBTW-11-8654-2,2016-06-29,2016-07-29,2016-06-29,2016-07-29
1680608,234209,DOUBLEED,GCI_GCI01135_37_2,2016-01-19,2017-01-19,2016-01-19,2017-01-19
1660944,234283,SHGSYS,ETHA12296742,2015-04-15,2016-04-15,2015-04-15,2016-04-15
1660961,234292,SOUTHERN,TTB0086362,2016-03-30,2017-03-30,2016-03-30,2017-03-30
1660962,234293,STAYIN,01494442545,2015-10-26,2016-10-26,2015-10-26,2016-10-26
1660966,234295,SUPPOR,EFM0254846,2014-05-20,2015-05-20,2014-05-20,2015-05-20
1660972,234299,TEKKERSI,ETHA12030679,2014-10-01,2015-10-01,2014-10-01,2015-10-01
1661034,234228,HORIZON,01612209921,2015-04-29,2016-04-29,2015-04-29,2016-04-29
1661035,234228,HORIZON,01612237125,2015-04-29,2016-04-29,2015-04-29,2016-04-29
1661038,234228,HORIZON,01618796269,2014-02-01,2015-02-01,2014-02-01,2015-02-01
1661042,234228,HORIZON,02089478954,2013-10-03,2014-10-03,2013-10-03,2014-10-03
1661212,234283,SHGSYS,01454528233,2015-04-24,2016-04-24,2015-04-24,2016-04-24
1661215,234295,SUPPOR,EFM0254366,2014-06-18,2015-06-18,2014-06-18,2015-06-18
1661281,234209,DOUBLEED,GCI_GCI01135_7,2014-12-01,2015-12-01,2014-12-01,2015-12-01
1661284,234209,DOUBLEED,GCI_GCI01135_10,2015-06-19,2016-06-19,2015-06-19,2016-06-19
1661297,234209,DOUBLEED,GCI_GCI01135_26,2015-04-17,2016-04-17,2015-04-17,2016-04-17
1661316,234209,DOUBLEED,GCI_GCI01135_47,2014-12-01,2015-12-01,2014-12-01,2015-12-01
1659853,234248,LIFEWAYS,01618797696,2016-06-01,2017-06-01,2016-06-01,2017-06-01
1659866,234248,LIFEWAYS,01254485508,2016-06-01,2017-06-01,2016-06-01,2017-06-01
1659868,234248,LIFEWAYS,01782698915,2016-06-01,2017-06-01,2016-06-01,2017-06-01
1659877,234248,LIFEWAYS,01618797434,2016-06-01,2017-06-01,2016-06-01,2017-06-01
1659903,234248,LIFEWAYS,02036749175,2016-06-01,2017-06-01,2016-06-01,2017-06-01
1659907,234248,LIFEWAYS,01202690430,2016-06-01,2017-06-01,2016-06-01,2017-06-01
1659918,234248,LIFEWAYS,01159985452,2016-06-01,2017-06-01,2016-06-01,2017-06-01
1659919,234248,LIFEWAYS,01216796996,2016-06-01,2017-06-01,2016-06-01,2017-06-01
1659937,234248,LIFEWAYS,01902471091,2016-06-01,2017-06-01,2016-06-01,2017-06-01
1659939,234248,LIFEWAYS,01935508269,2016-06-01,2017-06-01,2016-06-01,2017-06-01
1659940,234248,LIFEWAYS,01919085704,2016-06-01,2017-06-01,2016-06-01,2017-06-01
1659943,234248,LIFEWAYS,01332405985,2016-06-01,2017-06-01,2016-06-01,2017-06-01
1659945,234248,LIFEWAYS,01246731886,2016-06-01,2017-06-01,2016-06-01,2017-06-01
1659958,234248,LIFEWAYS,01270368462,2016-06-01,2017-06-01,2016-06-01,2017-06-01
1659966,234248,LIFEWAYS,01225708064,2016-06-01,2017-06-01,2016-06-01,2017-06-01
1659968,234248,LIFEWAYS,02036381880,2016-06-01,2017-06-01,2016-06-01,2017-06-01
1660196,234209,DOUBLEED,GW35880,2015-05-08,2016-05-08,2015-05-08,2016-05-08
1659973,234248,LIFEWAYS,01908804823,2016-06-01,2017-06-01,2016-06-01,2017-06-01
1661167,234236,INTRALAN,EFM0245077,2014-06-13,2015-06-13,2014-06-13,2015-06-13
1661168,234236,INTRALAN,EFM0277227,2014-09-12,2015-09-12,2014-09-12,2015-09-12
1659983,234248,LIFEWAYS,01372878358,2016-06-01,2017-06-01,2016-06-01,2017-06-01
1660001,234248,LIFEWAYS,01234965154,2016-06-01,2017-06-01,2016-06-01,2017-06-01
1660021,234248,LIFEWAYS,01914359904,2016-06-01,2017-06-01,2016-06-01,2017-06-01
1660025,234248,LIFEWAYS,01772933779,2016-06-01,2017-06-01,2016-06-01,2017-06-01
1660045,234248,LIFEWAYS,01554228221,2016-06-01,2017-06-01,2016-06-01,2017-06-01
1660049,234248,LIFEWAYS,01453756432,2016-06-01,2017-06-01,2016-06-01,2017-06-01
1661186,234259,NETPROJ,CAL169334,2015-10-12,2016-10-12,2015-10-12,2016-10-12
1660055,234248,LIFEWAYS,01296709031,2016-06-01,2017-06-01,2016-06-01,2017-06-01
1660068,234248,LIFEWAYS,01670946778,2016-06-01,2017-06-01,2016-06-01,2017-06-01
1661191,234261,NEXUSOPE,CAL149580,2015-11-01,2016-11-01,2015-11-01,2016-11-01
1660082,234248,LIFEWAYS,01684438831,2016-06-01,2017-06-01,2016-06-01,2017-06-01
1660094,234248,LIFEWAYS,01458897348,2016-06-01,2017-06-01,2016-06-01,2017-06-01
1660099,234248,LIFEWAYS,01323351261,2016-06-01,2017-06-01,2016-06-01,2017-06-01
1660102,234248,LIFEWAYS,01513524869,2016-06-01,2017-06-01,2016-06-01,2017-06-01
1660111,234248,LIFEWAYS,01670207668,2016-06-01,2017-06-01,2016-06-01,2017-06-01
1684750,234209,DOUBLEED,ETHA12588510,2016-09-28,2017-09-28,2016-09-28,2017-09-28
1661414,234218,FOCUS,GCI_GCI01144_23,2016-06-01,2017-06-01,2016-06-01,2017-06-01
1661421,234218,FOCUS,ETHA12100784,2016-06-01,2017-06-01,2016-06-01,2017-06-01
1661423,234218,FOCUS,CAL067203,2016-06-01,2017-06-01,2016-06-01,2017-06-01
1661480,234248,LIFEWAYS,01785747348,2016-05-26,2016-08-26,2016-05-26,2016-08-26
1708959,234247,LIFECAPX,01325352334_,2016-11-03,2017-11-03,2016-11-03,2017-11-03
1708961,234236,INTRALAN,ETHA12510951,2017-01-19,2020-01-19,2016-11-03,2017-11-03
1660828,234261,NEXUSOPE,01392823850,2014-08-01,2015-08-01,2014-08-01,2015-08-01
1660848,234272,PLAYGATE,ETHA12003771,2014-07-03,2015-07-03,2014-07-03,2015-07-03
1660865,234271,PETROL,ETHA12523331,2016-03-21,2017-03-21,2016-03-21,2017-03-21
1660873,234274,PRIME,02073511481,2015-03-26,2016-03-26,2015-03-26,2016-03-26
1660875,234274,PRIME,02074314400,2014-09-22,2015-09-22,2014-09-22,2015-09-22
1660878,234274,PRIME,02088049555,2015-09-24,2016-09-24,2015-09-24,2016-09-24
1660893,234277,ROOTS,02036591064,2014-10-10,2015-10-10,2014-10-10,2015-10-10
1660919,234283,SHGSYS,01173292276,2015-07-09,2016-07-09,2015-07-09,2016-07-09
1660928,234283,SHGSYS,01275858502,2014-06-11,2015-06-11,2014-06-11,2015-06-11
1660929,234283,SHGSYS,01279793066,2015-06-26,2016-06-26,2015-06-26,2016-06-26
1660936,234283,SHGSYS,01934708254,2015-06-03,2016-06-03,2015-06-03,2016-06-03
1660951,234286,SIRCHRIS,ETHA00148488,2014-09-01,2015-09-01,2014-09-01,2015-09-01
1660954,234288,SOFTLINK,01206386636,2013-01-01,2014-01-01,2013-01-01,2014-01-01
1661036,234228,HORIZON,01612582839,2013-11-20,2014-11-20,2013-11-20,2014-11-20
1661171,234236,INTRALAN,EFM0290198,2015-01-07,2016-01-07,2015-01-07,2016-01-07
1661176,234236,INTRALAN,ETHA12011554,2014-09-22,2015-09-22,2014-09-22,2015-09-22
1661180,234236,INTRALAN,ETHA12166039,2014-12-24,2015-12-24,2014-12-24,2015-12-24
1661210,234283,SHGSYS,01275393213,2015-02-27,2016-02-27,2015-02-27,2016-02-27
1661219,234258,NEOERA,ETHA12482348,2016-01-15,2017-01-15,2016-01-15,2017-01-15
1661234,234259,NETPROJ,TTB0131269,2015-08-01,2016-08-01,2015-08-01,2016-08-01
1661282,234209,DOUBLEED,GCI_GCI01135_8,2015-05-05,2016-05-05,2015-05-05,2016-05-05
1661286,234209,DOUBLEED,GCI_GCI01135_13,2014-10-09,2015-10-09,2014-10-09,2015-10-09
1661302,234209,DOUBLEED,GCI_GCI01135_31,2015-02-17,2016-02-17,2015-02-17,2016-02-17
1661303,234209,DOUBLEED,GCI_GCI01135_32,2015-03-03,2016-03-03,2015-03-03,2016-03-03
1661307,234209,DOUBLEED,GCI_GCI01135_36,2014-03-27,2015-03-27,2014-03-27,2015-03-27
1661311,234209,DOUBLEED,GCI_GCI01135_40,2015-10-14,2016-10-14,2015-10-14,2016-10-14
1661318,234212,EDMONDDE,GCI_GCI01138_1,2015-04-10,2016-04-10,2015-04-10,2016-04-10
1684741,234247,LIFECAPX,UKTTX-9-9629-2_CAP,2016-09-13,2017-09-13,2016-09-13,2017-09-13
1659876,234248,LIFEWAYS,01483351998,2016-06-01,2017-06-01,2016-06-01,2017-06-01
1659883,234248,LIFEWAYS,01704620036,2016-06-01,2017-06-01,2016-06-01,2017-06-01
1659884,234248,LIFEWAYS,01513785782,2016-06-01,2017-06-01,2016-06-01,2017-06-01
1659886,234248,LIFEWAYS,01744808805,2016-06-01,2017-06-01,2016-06-01,2017-06-01
1659887,234248,LIFEWAYS,01765278409,2016-06-01,2017-06-01,2016-06-01,2017-06-01
1659889,234248,LIFEWAYS,01513785320,2016-06-01,2017-06-01,2016-06-01,2017-06-01
1659896,234248,LIFEWAYS,01513785965,2016-06-01,2017-06-01,2016-06-01,2017-06-01
1659899,234248,LIFEWAYS,01519286306,2016-06-01,2017-06-01,2016-06-01,2017-06-01
1659900,234248,LIFEWAYS,01616371046,2016-06-01,2017-06-01,2016-06-01,2017-06-01
1659906,234248,LIFEWAYS,01695228440,2016-06-01,2017-06-01,2016-06-01,2017-06-01
1659930,234248,LIFEWAYS,01224938962,2016-06-01,2017-06-01,2016-06-01,2017-06-01
1659942,234248,LIFEWAYS,01254485548,2016-06-01,2017-06-01,2016-06-01,2017-06-01
1659950,234248,LIFEWAYS,01513457148,2016-06-01,2017-06-01,2016-06-01,2017-06-01
1659967,234248,LIFEWAYS,01392823348,2016-06-01,2017-06-01,2016-06-01,2017-06-01
1660197,234209,DOUBLEED,J63068,2015-04-10,2016-04-10,2015-04-10,2016-04-10
1661156,234203,D2NET,01782951995,2014-08-08,2015-08-08,2014-08-08,2015-08-08
1661157,234203,D2NET,01785281644,2014-08-11,2015-08-11,2014-08-11,2015-08-11
1661164,234233,ICT,01452699522,2014-07-30,2015-07-30,2014-07-30,2015-07-30
1659981,234248,LIFEWAYS,02036383488,2016-06-01,2017-06-01,2016-06-01,2017-06-01
1659982,234248,LIFEWAYS,01749938129,2016-06-01,2017-06-01,2016-06-01,2017-06-01
1659990,234248,LIFEWAYS,01494700132,2016-06-01,2017-06-01,2016-06-01,2017-06-01
1660002,234248,LIFEWAYS,01143270795,2016-06-01,2017-06-01,2016-06-01,2017-06-01
1660004,234248,LIFEWAYS,01513450962,2016-06-01,2017-06-01,2016-06-01,2017-06-01
1660008,234248,LIFEWAYS,01163197216,2016-06-01,2017-06-01,2016-06-01,2017-06-01
1660027,234248,LIFEWAYS,01522394763,2016-06-01,2017-06-01,2016-06-01,2017-06-01
1660029,234248,LIFEWAYS,01618791947,2016-06-01,2017-06-01,2016-06-01,2017-06-01
1661183,234236,INTRALAN,ETHA12367497,2015-12-03,2016-12-03,2015-12-03,2016-12-03
1661184,234236,INTRALAN,ETHA12505029,2016-01-21,2017-01-21,2016-01-21,2017-01-21
1661187,234259,NETPROJ,ETHA12008642,2014-10-23,2015-10-23,2014-10-23,2015-10-23
1660056,234248,LIFEWAYS,02034903502,2016-06-01,2017-06-01,2016-06-01,2017-06-01
1660058,234248,LIFEWAYS,01472470983,2016-06-01,2017-06-01,2016-06-01,2017-06-01
1660067,234248,LIFEWAYS,01283329441,2016-06-01,2017-06-01,2016-06-01,2017-06-01
1660084,234248,LIFEWAYS,01732669532,2016-06-01,2017-06-01,2016-06-01,2017-06-01
1660085,234248,LIFEWAYS,01204559404,2016-06-01,2017-06-01,2016-06-01,2017-06-01
1660089,234248,LIFEWAYS,01513780744,2016-06-01,2017-06-01,2016-06-01,2017-06-01
1661196,234274,PRIME,01202554951,2014-07-23,2015-07-23,2014-07-23,2015-07-23
1661197,234274,PRIME,01202759590,2014-07-23,2015-07-23,2014-07-23,2015-07-23
1660103,234248,LIFEWAYS,01782437992,2016-06-01,2017-06-01,2016-06-01,2017-06-01
1660112,234248,LIFEWAYS,01670207699,2016-06-01,2017-06-01,2016-06-01,2017-06-01
1661201,234274,PRIME,02074045625,2015-04-01,2016-04-01,2015-04-01,2016-04-01
1660116,234248,LIFEWAYS,TTB0244206,2016-06-01,2017-06-01,2016-06-01,2017-06-01
1660119,234248,LIFEWAYS,ETHA01485474,2016-06-01,2017-06-01,2016-06-01,2017-06-01
1660120,234248,LIFEWAYS,ETHA01468413,2016-06-01,2017-06-01,2016-06-01,2017-06-01
1660121,234248,LIFEWAYS,ONEA222233,2016-06-01,2017-06-01,2016-06-01,2017-06-01
1661394,234218,FOCUS,ETHA01507402,2016-06-01,2017-06-01,2016-06-01,2017-06-01
1661403,234218,FOCUS,CAL067196,2016-06-01,2017-06-01,2016-06-01,2017-06-01
1661425,234218,FOCUS,CAL067194,2016-06-01,2017-06-01,2016-06-01,2017-06-01
1661481,234218,FOCUS,GCI_GCI01144_41,2016-04-21,2016-05-21,2016-04-21,2016-05-21
1708955,234247,LIFECAPX,01922494134_,2016-11-01,2017-11-01,2016-11-01,2017-11-01
1660863,234270,PETERBAI,TTB0086331,2013-01-09,2014-01-09,2013-01-09,2014-01-09
1660899,234279,SAPHIRE,ETHA12347639,2016-07-28,2019-07-28,2016-07-28,2019-07-28
1660902,234281,SETEL,02079980522,2013-09-09,2014-09-09,2013-09-09,2014-09-09
1660903,234281,SETEL,02080014972,2014-03-11,2015-03-11,2014-03-11,2015-03-11
1660905,234281,SETEL,ETHA01833958,2015-10-01,2016-10-01,2015-10-01,2016-10-01
1660915,234283,SHGSYS,01172391215,2013-01-03,2014-01-03,2013-01-03,2014-01-03
1660920,234283,SHGSYS,01173292745,2015-10-01,2016-10-01,2015-10-01,2016-10-01
1660931,234283,SHGSYS,01749880843,2013-01-30,2014-01-30,2013-01-30,2014-01-30
1660933,234283,SHGSYS,01914892931,2015-02-25,2016-02-25,2015-02-25,2016-02-25
1660937,234283,SHGSYS,01934782162,2013-09-24,2014-09-24,2013-09-24,2014-09-24
1660941,234283,SHGSYS,ETHA12238218,2015-06-08,2016-06-08,2015-06-08,2016-06-08
1660948,234284,SHIELDEN,ETHA12330341,2015-10-01,2016-10-01,2015-10-01,2016-10-01
1660949,234284,SHIELDEN,ETHA12341398,2015-10-02,2016-10-02,2015-10-02,2016-10-02
1660952,234286,SIRCHRIS,ETHA12225076,2015-12-01,2016-12-01,2015-12-01,2016-12-01
1660955,234288,SOFTLINK,01217810298,2013-01-01,2014-01-01,2013-01-01,2014-01-01
1660971,234298,TCSSCREE,ETHA12482210,2016-03-07,2017-03-07,2016-03-07,2017-03-07
1661029,234228,HORIZON,01212934538,2013-10-16,2014-10-16,2013-10-16,2014-10-16
1661037,234228,HORIZON,01616376797,2013-11-11,2014-11-11,2013-11-11,2014-11-11
1661043,234228,HORIZON,ETHA02266551,2013-07-26,2014-07-26,2013-07-26,2014-07-26
1661181,234236,INTRALAN,ETHA12298386,2015-04-20,2016-04-20,2015-04-20,2016-04-20
1661232,234203,D2NET,01260408718,2016-02-01,2017-02-01,2016-02-01,2017-02-01
1661272,234203,D2NET,GCI_GCI01129_1,2016-02-29,2017-02-28,2016-02-29,2017-02-28
1661276,234209,DOUBLEED,GCI_GCI01135_2,2015-12-29,2016-12-29,2015-12-29,2016-12-29
1661287,234209,DOUBLEED,GCI_GCI01135_14,2015-11-26,2016-11-26,2015-11-26,2016-11-26
1661304,234209,DOUBLEED,GCI_GCI01135_33,2017-04-07,2018-04-07,2017-04-07,2018-04-07
1661313,234209,DOUBLEED,GCI_GCI01135_42,2015-12-03,2016-12-03,2015-12-03,2016-12-03
1661323,234229,HORSEBRI,GCI_GCI01155_3,2014-12-01,2015-12-01,2014-12-01,2015-12-01
1685922,234239,JOSEFWEI,ETHA12503973,2016-07-05,2019-07-05,2016-07-05,2019-07-05
1711861,234261,NEXUSOPE,TTB0667925,2016-12-14,2019-12-14,2016-12-14,2019-12-14
1661397,234218,FOCUS,ETHA12326336,2016-06-01,2017-06-01,2016-06-01,2017-06-01
1661401,234218,FOCUS,TTB0267005,2016-06-01,2017-06-01,2016-06-01,2017-06-01
1661402,234218,FOCUS,ETHA11997100,2016-06-01,2017-06-01,2016-06-01,2017-06-01
1661424,234218,FOCUS,ETHA12384724,2016-06-01,2017-06-01,2016-06-01,2017-06-01
1708945,234252,MATORTHO,TTB0088285,2016-09-01,2019-09-01,2016-09-01,2019-09-01
1708956,234248,LIFEWAYS,01922494134,2016-11-01,2017-11-01,2016-11-01,2017-11-01
1708964,234247,LIFECAPX,01325352334_1,2016-09-29,2017-09-29,2016-09-29,2017-09-29
1684743,234247,LIFECAPX,01594368923_H,2016-10-03,2017-10-03,2016-10-03,2017-10-03
1684745,234247,LIFECAPX,01513459168_H,2016-08-01,2017-08-01,2016-08-01,2017-08-01
1659888,234248,LIFEWAYS,01513785409,2016-06-01,2017-06-01,2016-06-01,2017-06-01
1659908,234248,LIFEWAYS,01513780791,2016-06-01,2017-06-01,2016-06-01,2017-06-01
1659911,234248,LIFEWAYS,01670207669,2016-06-01,2017-06-01,2016-06-01,2017-06-01
1659914,234248,LIFEWAYS,02037744276,2016-06-01,2017-06-01,2016-06-01,2017-06-01
1659921,234248,LIFEWAYS,01604946395,2016-06-01,2017-06-01,2016-06-01,2017-06-01
1659924,234248,LIFEWAYS,01623232536,2016-06-01,2017-06-01,2016-06-01,2017-06-01
1659929,234248,LIFEWAYS,01254485527,2016-06-01,2017-06-01,2016-06-01,2017-06-01
1659938,234248,LIFEWAYS,01412379183,2016-06-01,2017-06-01,2016-06-01,2017-06-01
1659946,234248,LIFEWAYS,01513451078,2016-06-01,2017-06-01,2016-06-01,2017-06-01
1659957,234248,LIFEWAYS,01933551423,2016-06-01,2017-06-01,2016-06-01,2017-06-01
1659962,234248,LIFEWAYS,01462337546,2016-06-01,2017-06-01,2016-06-01,2017-06-01
1660190,234248,LIFEWAYS,01698768725,2016-06-01,2017-06-01,2016-06-01,2017-06-01
1661153,234203,D2NET,01782827157,2014-10-01,2015-10-01,2014-10-01,2015-10-01
1660189,234248,LIFEWAYS,01255483067,2016-06-01,2017-06-01,2016-06-01,2017-06-01
1659988,234248,LIFEWAYS,01228319786,2016-06-01,2017-06-01,2016-06-01,2017-06-01
1660006,234248,LIFEWAYS,01204214497,2016-06-01,2017-06-01,2016-06-01,2017-06-01
1660010,234248,LIFEWAYS,01782437855,2016-06-01,2017-06-01,2016-06-01,2017-06-01
1660013,234248,LIFEWAYS,02036012219,2016-06-01,2017-06-01,2016-06-01,2017-06-01
1660026,234248,LIFEWAYS,01254482271,2016-06-01,2017-06-01,2016-06-01,2017-06-01
1660030,234248,LIFEWAYS,01332493945,2016-06-01,2017-06-01,2016-06-01,2017-06-01
1660035,234248,LIFEWAYS,01234965191,2016-06-01,2017-06-01,2016-06-01,2017-06-01
1660044,234248,LIFEWAYS,01513457599,2016-06-01,2017-06-01,2016-06-01,2017-06-01
1660048,234248,LIFEWAYS,01517921168,2016-06-01,2017-06-01,2016-06-01,2017-06-01
1660057,234248,LIFEWAYS,01273281881,2016-06-01,2017-06-01,2016-06-01,2017-06-01
1660064,234248,LIFEWAYS,01296706721,2016-06-01,2017-06-01,2016-06-01,2017-06-01
1660074,234248,LIFEWAYS,02033024164,2016-06-01,2017-06-01,2016-06-01,2017-06-01
1660091,234248,LIFEWAYS,01323371347,2016-06-01,2017-06-01,2016-06-01,2017-06-01
1660095,234248,LIFEWAYS,01934709948,2016-06-01,2017-06-01,2016-06-01,2017-06-01
1660100,234248,LIFEWAYS,02381843568,2016-06-01,2017-06-01,2016-06-01,2017-06-01
1660114,234248,LIFEWAYS,TTB0309490,2016-06-01,2017-06-01,2016-06-01,2017-06-01
1660117,234248,LIFEWAYS,ETHA12507359,2016-06-01,2017-06-01,2016-06-01,2017-06-01
1660126,234248,LIFEWAYS,ETHA01469691,2016-06-01,2017-06-01,2016-06-01,2017-06-01
1660127,234248,LIFEWAYS,ETHA00137879,2016-06-01,2017-06-01,2016-06-01,2017-06-01
1661203,234281,SETEL,01522575493,2015-07-30,2016-07-30,2015-07-30,2016-07-30
1725241,234251,MARLBORO,01170235,2017-02-28,2017-03-28,2017-02-28,2017-03-28
1725303,234270,PETERBAI,J62973,2017-02-17,2020-02-17,2017-02-17,2020-02-17
1661308,234209,DOUBLEED,GCI_GCI01135_37,2016-01-19,2017-01-19,2016-01-19,2017-01-19
1721255,234283,SHGSYS,01173360297,2014-12-30,2015-12-30,2014-12-30,2015-12-30
1659852,234248,LIFEWAYS,01204777408,2016-06-01,2017-06-01,2016-06-01,2017-06-01
1659859,234248,LIFEWAYS,01513785764,2016-06-01,2017-06-01,2016-06-01,2017-06-01
1684742,234248,LIFEWAYS,UKTTX-9-9629-2,2016-09-13,2017-09-13,2016-09-13,2017-09-13
1659885,234248,LIFEWAYS,01513459914,2016-06-01,2017-06-01,2016-06-01,2017-06-01
1659893,234248,LIFEWAYS,01925570931,2016-06-01,2017-06-01,2016-06-01,2017-06-01
1659898,234248,LIFEWAYS,01515385855,2016-06-01,2017-06-01,2016-06-01,2017-06-01
1659912,234248,LIFEWAYS,01292473649,2016-06-01,2017-06-01,2016-06-01,2017-06-01
1659913,234248,LIFEWAYS,01254485526,2016-06-01,2017-06-01,2016-06-01,2017-06-01
1659915,234248,LIFEWAYS,02082759465,2016-06-01,2017-06-01,2016-06-01,2017-06-01
1659923,234248,LIFEWAYS,01563535604,2016-06-01,2017-06-01,2016-06-01,2017-06-01
1659928,234248,LIFEWAYS,01733739033,2016-06-01,2017-06-01,2016-06-01,2017-06-01
1659952,234248,LIFEWAYS,02086162801,2016-06-01,2017-06-01,2016-06-01,2017-06-01
1659959,234248,LIFEWAYS,01513780774,2016-06-01,2017-06-01,2016-06-01,2017-06-01
1659963,234248,LIFEWAYS,01515389516,2016-06-01,2017-06-01,2016-06-01,2017-06-01
1659964,234248,LIFEWAYS,01925694062,2016-06-01,2017-06-01,2016-06-01,2017-06-01
1659965,234248,LIFEWAYS,01257671377,2016-06-01,2017-06-01,2016-06-01,2017-06-01
1659969,234248,LIFEWAYS,01707709646,2016-06-01,2017-06-01,2016-06-01,2017-06-01
1660191,234248,LIFEWAYS,01474491324,2016-06-01,2017-06-01,2016-06-01,2017-06-01
1661154,234203,D2NET,01782834153,2014-08-18,2015-08-18,2014-08-18,2015-08-18
1659975,234248,LIFEWAYS,01908411461,2016-06-01,2017-06-01,2016-06-01,2017-06-01
1659980,234248,LIFEWAYS,01458899826,2016-06-01,2017-06-01,2016-06-01,2017-06-01
1659986,234248,LIFEWAYS,01517922441,2016-06-01,2017-06-01,2016-06-01,2017-06-01
1659989,234248,LIFEWAYS,01206973590,2016-06-01,2017-06-01,2016-06-01,2017-06-01
1659991,234248,LIFEWAYS,01387320395,2016-06-01,2017-06-01,2016-06-01,2017-06-01
1659994,234248,LIFEWAYS,01978253567,2016-06-01,2017-06-01,2016-06-01,2017-06-01
1659995,234248,LIFEWAYS,01942571365,2016-06-01,2017-06-01,2016-06-01,2017-06-01
1660012,234248,LIFEWAYS,02036204516,2016-06-01,2017-06-01,2016-06-01,2017-06-01
1660017,234248,LIFEWAYS,01476979178,2016-06-01,2017-06-01,2016-06-01,2017-06-01
1660019,234248,LIFEWAYS,01354278328,2016-06-01,2017-06-01,2016-06-01,2017-06-01
1660022,234248,LIFEWAYS,01513780788,2016-06-01,2017-06-01,2016-06-01,2017-06-01
1660023,234248,LIFEWAYS,01463237830,2016-06-01,2017-06-01,2016-06-01,2017-06-01
1660024,234248,LIFEWAYS,01332989242,2016-06-01,2017-06-01,2016-06-01,2017-06-01
1660042,234248,LIFEWAYS,01332987919,2016-06-01,2017-06-01,2016-06-01,2017-06-01
1660043,234248,LIFEWAYS,01944758191,2016-06-01,2017-06-01,2016-06-01,2017-06-01
1660046,234248,LIFEWAYS,01233877602,2016-06-01,2017-06-01,2016-06-01,2017-06-01
1660050,234248,LIFEWAYS,01453767937,2016-06-01,2017-06-01,2016-06-01,2017-06-01
1660059,234248,LIFEWAYS,01777817368,2016-06-01,2017-06-01,2016-06-01,2017-06-01
1660060,234248,LIFEWAYS,01427239055,2016-06-01,2017-06-01,2016-06-01,2017-06-01
1660069,234248,LIFEWAYS,01257269924,2016-06-01,2017-06-01,2016-06-01,2017-06-01
1660071,234248,LIFEWAYS,02477989667,2016-06-01,2017-06-01,2016-06-01,2017-06-01
1660080,234248,LIFEWAYS,01823322304,2016-06-01,2017-06-01,2016-06-01,2017-06-01
1660104,234248,LIFEWAYS,01977326115,2016-06-01,2017-06-01,2016-06-01,2017-06-01
1711342,234281,SETEL,ONEA235069,2016-10-22,2019-10-22,2016-10-22,2019-10-22
1661396,234218,FOCUS,ETHA00060467,2016-06-01,2017-06-01,2016-06-01,2017-06-01
1661410,234218,FOCUS,ETHA01586556,2016-06-01,2017-06-01,2016-06-01,2017-06-01
1661412,234218,FOCUS,GCI_GCI01144_21,2016-06-01,2017-06-01,2016-06-01,2017-06-01
1661417,234218,FOCUS,ETHA12326380,2016-06-01,2017-06-01,2016-06-01,2017-06-01
1661422,234218,FOCUS,ETHA11930616,2016-06-01,2017-06-01,2016-06-01,2017-06-01
1661427,234218,FOCUS,GCI_GCI01144_39,2016-06-01,2017-06-01,2016-06-01,2017-06-01
1661434,234218,FOCUS,GCI_GCI01144_40,2016-06-01,2017-06-01,2016-06-01,2017-06-01
1708951,234252,MATORTHO,TTB0118350_,2016-09-01,2019-09-01,2016-09-01,2019-09-01
1708958,234248,LIFEWAYS,01515384697,2016-10-14,2017-10-14,2016-10-14,2017-10-14
1708965,234248,LIFEWAYS,01325352334__,2016-09-29,2017-09-29,2016-09-29,2017-09-29
1660118,234248,LIFEWAYS,ETHA12004115,2016-06-01,2017-06-01,2016-06-01,2017-06-01
1684749,234209,DOUBLEED,ONEA835524,2016-09-14,2019-09-14,2016-09-14,2019-09-14
1711903,234209,DOUBLEED,01417734750,2016-12-13,2017-12-13,2016-12-13,2017-12-13
1661395,234218,FOCUS,ETHA12343729,2016-06-01,2017-06-01,2016-06-01,2017-06-01
1661406,234218,FOCUS,GCI_GCI01144_15,2016-06-01,2017-06-01,2016-06-01,2017-06-01
1661407,234218,FOCUS,ETHA12326374,2016-06-01,2017-06-01,2016-06-01,2017-06-01
1661408,234218,FOCUS,CAL067200,2016-06-01,2017-06-01,2016-06-01,2017-06-01
1661416,234218,FOCUS,GCI_GCI01144_26,2016-06-01,2017-06-01,2016-06-01,2017-06-01
1661419,234218,FOCUS,CAL0142250,2016-06-01,2017-06-01,2016-06-01,2017-06-01
1661426,234218,FOCUS,CAL067201,2016-06-01,2017-06-01,2016-06-01,2017-06-01
1661428,234218,FOCUS,EFM0274056,2016-06-01,2017-06-01,2016-06-01,2017-06-01
1708962,234236,INTRALAN,ETHC12573015,2016-12-06,2017-12-06,2016-12-06,2017-12-06
1685942,234247,LIFECAPX,01603715507_CAP,2016-07-14,2017-07-14,2016-07-14,2017-07-14
1686046,234218,FOCUS,ETHA12591312,2016-09-07,2019-09-07,2016-09-07,2019-09-07
1681100,234243,LANCE,GCI_GCI01169_13,2013-02-18,2014-02-18,2013-02-18,2014-02-18
1681110,234243,LANCE,GCI_GCI01169_23,2013-06-26,2014-06-26,2013-06-26,2014-06-26
1681114,234243,LANCE,GCI_GCI01169_27,2013-03-28,2014-03-28,2013-03-28,2014-03-28
1721263,234209,DOUBLEED,UKNTL-11-8512-2,2015-02-09,2016-02-09,2015-02-09,2016-02-09
1721316,234261,NEXUSOPE,TTB0672461,2017-01-06,2020-01-06,2017-01-06,2020-01-06
1721317,234261,NEXUSOPE,01392425405,2017-01-06,2020-01-06,2017-01-06,2020-01-06
1707214,234266,OAKLANDS,01939200462,2016-11-21,2019-11-21,2016-11-21,2019-11-21
1661335,234261,NEXUSOPE,GCI_GCI01187_2,2015-05-29,2016-05-29,2015-05-29,2016-05-29
1661338,234275,REDMATTE,GCI_GCI01201_1,2013-02-01,2014-02-01,2013-02-01,2014-02-01
1707830,234283,SHGSYS,TTB0650901,2016-11-29,2019-11-29,2016-11-29,2019-11-29
1666703,234261,NEXUSOPE,0129735229,2016-06-01,2017-06-01,2016-06-01,2017-06-01
1666713,234247,LIFECAPX,TTB0309319_CAP,2016-06-14,2017-06-14,2016-06-14,2017-06-14
1721259,234209,DOUBLEED,UKFMN-11-8518-2,2015-01-26,2016-01-26,2015-01-26,2016-01-26
1660312,234203,D2NET,01538385602,2014-08-20,2015-08-20,2014-08-20,2015-08-20
1660318,234203,D2NET,01782938595,2016-01-12,2017-01-12,2016-01-12,2017-01-12
1660319,234203,D2NET,01785248361,2014-08-22,2015-08-22,2014-08-22,2015-08-22
1660370,234206,DISCUSSY,TTB0230983,2014-01-16,2015-01-16,2014-01-16,2015-01-16
1660382,234209,DOUBLEED,02073740543,2015-10-12,2016-10-12,2015-10-12,2016-10-12
1660395,234209,DOUBLEED,ETHA12153283,2015-01-22,2016-01-22,2015-01-22,2016-01-22
1660399,234209,DOUBLEED,ETHA12323513,2015-06-01,2016-06-01,2015-06-01,2016-06-01
1660401,234209,DOUBLEED,ETHA12416378,2015-11-09,2016-11-09,2015-11-09,2016-11-09
1660410,234209,DOUBLEED,TTB0295025,2015-02-17,2016-02-17,2015-02-17,2016-02-17
1660417,234214,ELAPENGI,ETHA12282704,2015-04-13,2016-04-13,2015-04-13,2016-04-13
1660431,234217,FITFORSP,02070181014,2015-06-29,2016-06-29,2015-06-29,2016-06-29
1660451,234223,GOLDFIEL,01132760685,2013-04-10,2014-04-10,2013-04-10,2014-04-10
1660473,234229,HORSEBRI,01470542447,2015-12-01,2016-12-01,2015-12-01,2016-12-01
1660480,234229,HORSEBRI,01475672047,2015-06-01,2016-06-01,2015-06-01,2016-06-01
1660495,234229,HORSEBRI,01700505390,2014-12-01,2015-12-01,2014-12-01,2015-12-01
1660500,234229,HORSEBRI,01851706441,2014-12-01,2015-12-01,2014-12-01,2015-12-01
1660507,234229,HORSEBRI,01879230415,2015-03-01,2016-03-01,2015-03-01,2016-03-01
1660508,234229,HORSEBRI,CAL153371,2015-03-01,2016-03-01,2015-03-01,2016-03-01
1660516,234230,HOTDOCSL,TTB0081180,2016-05-01,2017-05-01,2016-05-01,2017-05-01
1660550,234239,JOSEFWEI,ETHA01781028,2013-01-17,2014-01-17,2013-01-17,2014-01-17
1660555,234243,LANCE,01179823103,2013-03-28,2014-03-28,2013-03-28,2014-03-28
1660558,234243,LANCE,01206574873,2013-01-30,2014-01-30,2013-01-30,2014-01-30
1660560,234243,LANCE,01223321749,2013-03-22,2014-03-22,2013-03-22,2014-03-22
1660566,234243,LANCE,01269595786,2015-04-21,2016-04-21,2015-04-21,2016-04-21
1660568,234243,LANCE,01270584677,2013-05-28,2014-05-28,2013-05-28,2014-05-28
1660572,234243,LANCE,01280701500,2013-07-10,2014-07-10,2013-07-10,2014-07-10
1660590,234243,LANCE,01417733035,2013-06-12,2014-06-12,2013-06-12,2014-06-12
1660596,234243,LANCE,01446733388,2013-02-20,2014-02-20,2013-02-20,2014-02-20
1660621,234243,LANCE,01604627676,2013-03-22,2014-03-22,2013-03-22,2014-03-22
1660624,234243,LANCE,01618307393,2013-11-18,2014-11-18,2013-11-18,2014-11-18
1660630,234243,LANCE,01633865524,2013-02-05,2014-02-05,2013-02-05,2014-02-05
1660638,234243,LANCE,01639813166,2013-02-25,2014-02-25,2013-02-25,2014-02-25
1660639,234243,LANCE,01639813658,2013-02-22,2014-02-22,2013-02-22,2014-02-22
1660644,234243,LANCE,01639822860,2013-03-28,2014-03-28,2013-03-28,2014-03-28
1660649,234243,LANCE,01639885307,2013-03-08,2014-03-08,2013-03-08,2014-03-08
1660663,234243,LANCE,01656732613,2013-03-28,2014-03-28,2013-03-28,2014-03-28
1660677,234243,LANCE,01780756273,2013-03-22,2014-03-22,2013-03-22,2014-03-22
1660681,234243,LANCE,01792362273,2013-03-28,2014-03-28,2013-03-28,2014-03-28
1660682,234243,LANCE,01792366116,2013-02-25,2014-02-25,2013-02-25,2014-02-25
1660684,234243,LANCE,01792368012,2013-05-07,2014-05-07,2013-05-07,2014-05-07
1660696,234243,LANCE,01792646490,2013-09-27,2014-09-27,2013-09-27,2014-09-27
1660701,234243,LANCE,01792781530,2013-03-28,2014-03-28,2013-03-28,2014-03-28
1660704,234243,LANCE,01792798468,2013-02-21,2014-02-21,2013-02-21,2014-02-21
1660709,234243,LANCE,01792816654,2013-03-28,2014-03-28,2013-03-28,2014-03-28
1660714,234243,LANCE,01834814574,2013-03-28,2014-03-28,2013-03-28,2014-03-28
1660721,234243,LANCE,01908200933,2013-02-18,2014-02-18,2013-02-18,2014-02-18
1660723,234243,LANCE,01908377292,2013-02-18,2014-02-18,2013-02-18,2014-02-18
1660740,234243,LANCE,02077048353,2013-03-22,2014-03-22,2013-03-22,2014-03-22
1660753,234243,LANCE,02088709948,2013-03-01,2014-03-01,2013-03-01,2014-03-01
1660757,234243,LANCE,02392733763,2013-03-22,2014-03-22,2013-03-22,2014-03-22
1660759,234243,LANCE,02890770045,2013-06-26,2014-06-26,2013-06-26,2014-06-26
1660763,234243,LANCE,CAL083966,2013-01-01,2014-01-01,2013-01-01,2014-01-01
1660773,234243,LANCE,TTB0223547,2013-10-16,2014-10-16,2013-10-16,2014-10-16
1660784,234243,LANCE,TTB0223558,2013-10-16,2014-10-16,2013-10-16,2014-10-16
1660786,234243,LANCE,TTB0234273,2014-02-27,2015-02-27,2014-02-27,2015-02-27
1660787,234243,LANCE,TTB0234401,2014-02-19,2015-02-19,2014-02-19,2015-02-19
1660815,234257,NCPLTD,ETHA01649648,2014-09-01,2015-09-01,2014-09-01,2015-09-01
1660827,234261,NEXUSOPE,01297598219,2014-06-06,2015-06-06,2014-06-06,2015-06-06
1660830,234261,NEXUSOPE,01404549617,2015-11-01,2016-11-01,2015-11-01,2016-11-01
1660831,234261,NEXUSOPE,01752254698,2013-03-01,2014-03-01,2013-03-01,2014-03-01
1660840,234261,NEXUSOPE,ETHA12149567,2014-11-28,2015-11-28,2014-11-28,2015-11-28
1660845,234261,NEXUSOPE,TTB0230844,2014-01-22,2015-01-22,2014-01-22,2015-01-22
1660850,234264,NUTBOURN,ETHA12294299,2015-04-10,2016-04-10,2015-04-10,2016-04-10
1660852,234266,OAKLANDS,01939236004,2013-05-21,2014-05-21,2013-05-21,2014-05-21
1684831,234236,INTRALAN,ETHA12562416,2016-05-09,2019-05-09,2016-05-09,2019-05-09
1681089,234243,LANCE,GCI_GCI01169_2,2013-01-01,2014-01-01,2013-01-01,2014-01-01
1681092,234243,LANCE,GCI_GCI01169_5,2013-02-04,2014-02-04,2013-02-04,2014-02-04
1681095,234243,LANCE,GCI_GCI01169_8,2013-02-14,2014-02-14,2013-02-14,2014-02-14
1681099,234243,LANCE,GCI_GCI01169_12,2013-06-17,2014-06-17,2013-06-17,2014-06-17
1681113,234243,LANCE,GCI_GCI01169_26,2013-03-28,2014-03-28,2013-03-28,2014-03-28
1661328,234243,LANCE,GCI_GCI01169_1,2013-06-03,2014-06-03,2013-06-03,2014-06-03
1661332,234257,NCPLTD,GCI_GCI01183_3,2016-02-10,2017-02-10,2016-02-10,2017-02-10
1661344,234294,STRATOST,GCI_GCI01220_1,2013-12-16,2014-12-16,2013-12-16,2014-12-16
1661358,234209,DOUBLEED,GCI_GCI01135_25,2016-01-21,2017-01-21,2016-01-21,2017-01-21
1666673,234283,SHGSYS,01934253830,2016-05-24,2017-05-24,2016-05-24,2017-05-24
1666712,234247,LIFECAPX,UKTTX-9-9225-2_CAP,2016-06-02,2016-07-02,2016-06-02,2016-07-02
1721261,234209,DOUBLEED,UKBTO-11-8519-2,2015-03-06,2016-03-06,2015-03-06,2016-03-06
1721267,234209,DOUBLEED,UKFMN-11-8872-3,2015-07-23,2016-07-23,2015-07-23,2016-07-23
1660303,234200,CONSIL,01412372314,2013-01-01,2014-01-01,2013-01-01,2014-01-01
1660304,234200,CONSIL,01549421240,2013-01-01,2014-01-01,2013-01-01,2014-01-01
1660305,234201,CRL,ETHA12167934,2015-11-28,2018-11-28,2015-11-28,2016-11-28
1660325,234203,D2NET,EFM0430319,2016-03-08,2017-03-08,2016-03-08,2017-03-08
1660331,234203,D2NET,TTB0341276,2015-07-22,2016-07-22,2015-07-22,2016-07-22
1660375,234209,DOUBLEED,01502722815,2014-12-30,2015-12-30,2014-12-30,2015-12-30
1660377,234209,DOUBLEED,01923903022,2015-05-06,2016-05-06,2015-05-06,2016-05-06
1660385,234209,DOUBLEED,02087800935,2016-03-22,2017-03-22,2016-03-22,2017-03-22
1660387,234209,DOUBLEED,CAL0154255,2015-02-10,2016-02-10,2015-02-10,2016-02-10
1660391,234209,DOUBLEED,EFM0298263,2015-04-27,2016-04-27,2015-04-27,2016-04-27
1660439,234219,FOCUSMUL,TTB0141965,2013-10-24,2014-10-24,2013-10-24,2014-10-24
1660446,234222,GEMACSYS,ETHA12262053,2015-05-26,2016-05-26,2015-05-26,2016-05-26
1660450,234223,GOLDFIEL,01132730104,2015-05-11,2016-05-11,2015-05-11,2016-05-11
1660453,234223,GOLDFIEL,01262606588,2013-02-13,2014-02-13,2013-02-13,2014-02-13
1660470,234229,HORSEBRI,01397698451,2014-08-22,2015-08-22,2014-08-22,2015-08-22
1660471,234229,HORSEBRI,01452698574,2014-12-01,2015-12-01,2014-12-01,2015-12-01
1660491,234229,HORSEBRI,01688302192,2015-06-01,2016-06-01,2015-06-01,2016-06-01
1660515,234230,HOTDOCSL,CAL109080,2015-12-01,2016-12-01,2015-12-01,2016-12-01
1660517,234231,HOUNDISC,ETHA12308452,2015-10-23,2016-10-23,2015-10-23,2016-10-23
1660529,234234,INTACLOU,TTB0078906,2013-02-01,2014-02-01,2013-02-01,2014-02-01
1660533,234236,INTRALAN,ETHA11839086,2014-04-07,2015-04-07,2014-04-07,2015-04-07
1660576,234243,LANCE,01302323526,2013-03-07,2014-03-07,2013-03-07,2014-03-07
1660581,234243,LANCE,01334478799,2013-01-28,2014-01-28,2013-01-28,2014-01-28
1660588,234243,LANCE,01412481464,2013-03-19,2014-03-19,2013-03-19,2014-03-19
1660608,234243,LANCE,01524849139,2013-01-17,2014-01-17,2013-01-17,2014-01-17
1660609,234243,LANCE,01525375832,2013-02-18,2014-02-18,2013-02-18,2014-02-18
1660612,234243,LANCE,01554820584,2015-07-01,2016-07-01,2015-07-01,2016-07-01
1660615,234243,LANCE,01554821590,2013-12-10,2014-12-10,2013-12-10,2014-12-10
1660616,234243,LANCE,01554823823,2013-03-28,2014-03-28,2013-03-28,2014-03-28
1660651,234243,LANCE,01639890872,2013-02-25,2014-02-25,2013-02-25,2014-02-25
1660653,234243,LANCE,01639892057,2013-03-28,2014-03-28,2013-03-28,2014-03-28
1660654,234243,LANCE,01639892835,2013-03-28,2014-03-28,2013-03-28,2014-03-28
1660672,234243,LANCE,01727832704,2013-03-22,2014-03-22,2013-03-22,2014-03-22
1660685,234243,LANCE,01792405596,2013-03-28,2014-03-28,2013-03-28,2014-03-28
1660697,234243,LANCE,01792654226,2013-02-18,2014-02-18,2013-02-18,2014-02-18
1660699,234243,LANCE,01792701464,2013-09-27,2014-09-27,2013-09-27,2014-09-27
1660705,234243,LANCE,01792798805,2013-02-28,2014-02-28,2013-02-28,2014-02-28
1660708,234243,LANCE,01792815818,2013-02-22,2014-02-22,2013-02-22,2014-02-22
1660719,234243,LANCE,01904638876,2013-06-14,2014-06-14,2013-06-14,2014-06-14
1660737,234243,LANCE,02073815295,2013-05-08,2014-05-08,2013-05-08,2014-05-08
1660749,234243,LANCE,02086751894,2013-06-03,2014-06-03,2013-06-03,2014-06-03
1660750,234243,LANCE,02086777812,2013-03-08,2014-03-08,2013-03-08,2014-03-08
1660755,234243,LANCE,02380222128,2013-10-17,2014-10-17,2013-10-17,2014-10-17
1660766,234243,LANCE,EoFTTC22,2013-10-11,2014-10-11,2013-10-11,2014-10-11
1660771,234243,LANCE,ETHA11932635,2014-05-07,2015-05-07,2014-05-07,2015-05-07
1660781,234243,LANCE,TTB0223555,2013-10-17,2014-10-17,2013-10-17,2014-10-17
1660794,234250,Londonst,01684566047,2015-06-01,2016-06-01,2015-06-01,2016-06-01
1660798,234252,MATORTHO,TTB0088285,2013-01-31,2014-01-31,2013-01-31,2014-01-31
1660814,234257,NCPLTD,CAL102701,2014-08-01,2015-08-01,2014-08-01,2015-08-01
1660819,234256,NATTER,01883732081,2013-01-01,2014-01-01,2013-01-01,2014-01-01
1660844,234261,NEXUSOPE,TTB012752,2016-04-01,2017-04-01,2016-04-01,2017-04-01
1660854,234266,OAKLANDS,01939768067,2013-05-07,2014-05-07,2013-05-07,2014-05-07
1660855,234266,OAKLANDS,TTB0118527,2013-05-31,2014-05-31,2013-05-31,2014-05-31
1660867,234271,PETROL,ONEA631901,2016-02-08,2017-02-08,2016-02-08,2017-02-08
1660901,234281,SETEL,01636672076,2013-07-03,2014-07-03,2013-07-03,2014-07-03
1660910,234281,SETEL,ETHA12320671,2015-07-03,2016-07-03,2015-07-03,2016-07-03
1660918,234283,SHGSYS,01172398004,2015-12-21,2016-12-21,2015-12-21,2016-12-21
1660922,234283,SHGSYS,01173368092,2015-09-09,2016-09-09,2015-09-09,2016-09-09
1660925,234283,SHGSYS,01179634343,2014-09-15,2015-09-15,2014-09-15,2015-09-15
1660932,234283,SHGSYS,01872276970,2013-07-05,2014-07-05,2013-07-05,2014-07-05
1660940,234283,SHGSYS,CAL106988,2015-06-02,2016-06-02,2015-06-02,2016-06-02
1660967,234295,SUPPOR,ETHA11644366,2014-04-01,2015-04-01,2014-04-01,2015-04-01
1661014,234258,NEOERA,ETHA01725091,2013-02-01,2014-02-01,2013-02-01,2014-02-01
1661033,234228,HORIZON,01217778555,2015-05-29,2016-05-29,2015-05-29,2016-05-29
1661174,234236,INTRALAN,ETHA11954849,2015-09-18,2016-09-18,2015-09-18,2016-09-18
1661206,234281,SETEL,EFM0283986,2014-10-06,2015-10-06,2014-10-06,2015-10-06
1660876,234274,PRIME,02074999738,2014-11-19,2015-11-19,2014-11-19,2015-11-19
1660879,234274,PRIME,ETHA12225114,2015-09-22,2016-09-22,2015-09-22,2016-09-22
1660914,234282,SGWEUROP,ETHA11630589,2015-07-01,2016-07-01,2015-07-01,2016-07-01
1660921,234283,SHGSYS,01173294853,2016-03-18,2017-03-18,2016-03-18,2017-03-18
1660947,234284,SHIELDEN,CAL161679,2015-11-01,2016-11-01,2015-11-01,2016-11-01
1660950,234285,SIGNETSE,01733232447,2014-08-04,2015-08-04,2014-08-04,2015-08-04
1660957,234289,SOLUTION,ETHA12167245,2015-05-15,2016-05-15,2015-05-15,2016-05-15
1660959,234297,Songkarn,ETHA12030843,2015-08-25,2016-08-25,2015-08-25,2016-08-25
1660964,234295,SUPPOR,01252711465,2014-04-22,2015-04-22,2014-04-22,2015-04-22
1660970,234296,SYNERGYA,ETHA05506170,2013-11-06,2014-11-06,2013-11-06,2014-11-06
1660973,234299,TEKKERSI,ONEA621757,2014-10-03,2015-10-03,2014-10-03,2015-10-03
1660983,234224,GREAT,CAL142226,2014-07-14,2015-07-14,2014-07-14,2015-07-14
1661032,234228,HORIZON,01213565110,2013-10-03,2014-10-03,2013-10-03,2014-10-03
1661040,234228,HORIZON,02070418536,2013-11-13,2014-11-13,2013-11-13,2014-11-13
1661149,234203,D2NET,01628531836,2014-10-01,2015-10-01,2014-10-01,2015-10-01
1661173,234236,INTRALAN,ETHA11944544,2015-07-28,2016-07-28,2015-07-28,2016-07-28
1661179,234236,INTRALAN,ETHA12165174,2014-12-24,2015-12-24,2014-12-24,2015-12-24
1661211,234283,SHGSYS,01326379824,2015-06-25,2016-06-25,2015-06-25,2016-06-25
1661216,234295,SUPPOR,ETHA12014033,2014-10-21,2015-10-21,2014-10-21,2015-10-21
1661235,234261,NEXUSOPE,01392211332,2013-08-07,2014-08-07,2013-08-07,2014-08-07
1661270,234280,SAROVA,GCI_GCI01206_1,2015-03-01,2016-03-01,2015-03-01,2016-03-01
1661278,234209,DOUBLEED,GCI_GCI01135_4,2015-02-13,2016-02-13,2015-02-13,2016-02-13
1661292,234209,DOUBLEED,GCI_GCI01135_19,2015-06-29,2016-06-29,2015-06-29,2016-06-29
1661293,234209,DOUBLEED,GCI_GCI01135_20,2015-12-18,2016-12-18,2015-12-18,2016-12-18
1661322,234229,HORSEBRI,GCI_GCI01155_1,2015-03-01,2016-03-01,2015-03-01,2016-03-01
1721257,234209,DOUBLEED,UKFMN-11-8484-2,2015-01-23,2016-01-23,2015-01-23,2016-01-23
1725765,234280,SAROVA,ONEA337145,2017-03-15,2020-03-15,2017-03-15,2020-03-15
1684696,234209,DOUBLEED,F10160083,2016-10-10,2016-11-10,2016-10-10,2016-11-10
1659855,234248,LIFEWAYS,01614784315,2016-06-01,2017-06-01,2016-06-01,2017-06-01
1659856,234248,LIFEWAYS,01625402965,2016-06-01,2017-06-01,2016-06-01,2017-06-01
1659858,234248,LIFEWAYS,01772305784,2016-06-01,2017-06-01,2016-06-01,2017-06-01
1659869,234248,LIFEWAYS,01925550562,2016-06-01,2017-06-01,2016-06-01,2017-06-01
1659873,234248,LIFEWAYS,01858880790,2016-06-01,2017-06-01,2016-06-01,2017-06-01
1659878,234248,LIFEWAYS,01332902640,2016-06-01,2017-06-01,2016-06-01,2017-06-01
1659880,234248,LIFEWAYS,01704807925,2016-06-01,2017-06-01,2016-06-01,2017-06-01
1659890,234248,LIFEWAYS,01513785729,2016-06-01,2017-06-01,2016-06-01,2017-06-01
1659910,234248,LIFEWAYS,01332987729,2016-06-01,2017-06-01,2016-06-01,2017-06-01
1659925,234248,LIFEWAYS,01164298232,2016-06-01,2017-06-01,2016-06-01,2017-06-01
1659926,234248,LIFEWAYS,01282338637,2016-06-01,2017-06-01,2016-06-01,2017-06-01
1659932,234248,LIFEWAYS,01480476192,2016-06-01,2017-06-01,2016-06-01,2017-06-01
1659934,234248,LIFEWAYS,01204773950,2016-06-01,2017-06-01,2016-06-01,2017-06-01
1659971,234248,LIFEWAYS,01904206243,2016-06-01,2017-06-01,2016-06-01,2017-06-01
1660192,234248,LIFEWAYS,01253932504,2016-06-01,2017-06-01,2016-06-01,2017-06-01
1661163,234229,HORSEBRI,01908804998,2015-12-01,2016-12-01,2015-12-01,2016-12-01
1659977,234248,LIFEWAYS,01416465841,2016-06-01,2017-06-01,2016-06-01,2017-06-01
1659998,234248,LIFEWAYS,01144385203,2016-06-01,2017-06-01,2016-06-01,2017-06-01
1660007,234248,LIFEWAYS,02087887076,2016-06-01,2017-06-01,2016-06-01,2017-06-01
1660028,234248,LIFEWAYS,0152461490,2016-06-01,2017-06-01,2016-06-01,2017-06-01
1661182,234236,INTRALAN,ETHA12301336,2015-06-03,2016-06-03,2015-06-03,2016-06-03
1660040,234248,LIFEWAYS,01912669872,2016-06-01,2017-06-01,2016-06-01,2017-06-01
1660047,234248,LIFEWAYS,02381843365,2016-06-01,2017-06-01,2016-06-01,2017-06-01
1661188,234259,NETPROJ,ETHA12440014,2015-10-06,2016-10-06,2015-10-06,2016-10-06
1660066,234248,LIFEWAYS,02036385397,2016-06-01,2017-06-01,2016-06-01,2017-06-01
1660070,234248,LIFEWAYS,01977326118,2016-06-01,2017-06-01,2016-06-01,2017-06-01
1660073,234248,LIFEWAYS,01614656447,2016-06-01,2017-06-01,2016-06-01,2017-06-01
1660075,234248,LIFEWAYS,01513780655,2016-06-01,2017-06-01,2016-06-01,2017-06-01
1660078,234248,LIFEWAYS,01207439625,2016-06-01,2017-06-01,2016-06-01,2017-06-01
1660081,234248,LIFEWAYS,01413289374,2016-06-01,2017-06-01,2016-06-01,2017-06-01
1660083,234248,LIFEWAYS,01823762360,2016-06-01,2017-06-01,2016-06-01,2017-06-01
1661192,234261,NEXUSOPE,EFM0254789,2014-06-13,2015-06-13,2014-06-13,2015-06-13
1660086,234248,LIFEWAYS,01206617199,2016-06-01,2017-06-01,2016-06-01,2017-06-01
1660087,234248,LIFEWAYS,01234965131,2016-06-01,2017-06-01,2016-06-01,2017-06-01
1660106,234248,LIFEWAYS,01785749571,2016-06-01,2017-06-01,2016-06-01,2017-06-01
1660110,234248,LIFEWAYS,01543899190,2016-06-01,2017-06-01,2016-06-01,2017-06-01
1660124,234248,LIFEWAYS,ETHA01459528,2016-06-01,2017-06-01,2016-06-01,2017-06-01
1660125,234248,LIFEWAYS,ETHA12282413,2016-06-01,2017-06-01,2016-06-01,2017-06-01
1660128,234248,LIFEWAYS,TTB0309319,2016-06-01,2017-06-01,2016-06-01,2017-06-01
1680607,234209,DOUBLEED,GCI_GCI01135_23_2,2015-07-23,2016-07-23,2015-07-23,2016-07-23
1721251,234283,SHGSYS,01749939376,2014-05-13,2015-05-13,2014-05-13,2015-05-13
1661398,234218,FOCUS,ETHA00076908,2016-06-01,2017-06-01,2016-06-01,2017-06-01
1661400,234218,FOCUS,CAL067199,2016-06-01,2017-06-01,2016-06-01,2017-06-01
1661409,234218,FOCUS,ETHA01945984,2016-06-01,2017-06-01,2016-06-01,2017-06-01
1661413,234218,FOCUS,CAL067197,2016-06-01,2017-06-01,2016-06-01,2017-06-01
1661430,234218,FOCUS,ETHA12249937_2,2016-06-01,2017-06-01,2016-06-01,2017-06-01
1661433,234218,FOCUS,BPT341930,2016-06-01,2017-06-01,2016-06-01,2017-06-01
1661474,234284,SHIELDEN,GCI_GCI01210_1,2016-05-20,2016-06-20,2016-05-20,2016-06-20
1661477,234278,RTIADVAN,01707709907,2016-04-27,2017-04-27,2016-04-27,2017-04-27
1661479,234248,LIFEWAYS,01513525928,2016-05-20,2016-08-20,2016-05-20,2016-08-20
1661214,234283,SHGSYS,01934412643,2015-02-13,2016-02-13,2015-02-13,2016-02-13
1661277,234209,DOUBLEED,GCI_GCI01135_3,2015-06-29,2016-06-29,2015-06-29,2016-06-29
1661280,234209,DOUBLEED,GCI_GCI01135_6,2014-12-01,2015-12-01,2014-12-01,2015-12-01
1661283,234209,DOUBLEED,GCI_GCI01135_9,2015-06-26,2016-06-26,2015-06-26,2016-06-26
1661285,234209,DOUBLEED,GCI_GCI01135_12,2015-09-11,2016-09-11,2015-09-11,2016-09-11
1661288,234209,DOUBLEED,GCI_GCI01135_15,2015-11-13,2016-11-13,2015-11-13,2016-11-13
1661295,234209,DOUBLEED,GCI_GCI01135_22,2016-04-01,2017-04-01,2016-04-01,2017-04-01
1661305,234209,DOUBLEED,GCI_GCI01135_34,2014-11-26,2015-11-26,2014-11-26,2015-11-26
1661310,234209,DOUBLEED,GCI_GCI01135_39,2015-01-23,2016-01-23,2015-01-23,2016-01-23
1661312,234209,DOUBLEED,GCI_GCI01135_41,2015-02-20,2016-02-20,2015-02-20,2016-02-20
1661324,234231,HOUNDISC,GCI_GCI01157_1,2015-06-30,2016-06-30,2015-06-30,2016-06-30
1685920,234258,NEOERA,ETHA12661031,2016-07-11,2017-07-11,2016-07-11,2017-07-11
1721264,234209,DOUBLEED,UKBTW-11-8515-2,2015-03-26,2016-03-26,2015-03-26,2016-03-26
1721250,234283,SHGSYS,02921329663,2015-03-05,2016-03-05,2015-03-05,2016-03-05
1721640,234217,FITFORSP,F11160262,2016-12-23,2017-01-23,2016-12-23,2017-01-23
1684751,234209,DOUBLEED,LONLONLE-193841,2016-09-06,2019-09-06,2016-09-06,2019-09-06
1684754,234209,DOUBLEED,LONLONLE-203686_,2016-09-12,2019-09-12,2016-09-12,2019-09-12
1661399,234218,FOCUS,EP2P000423,2016-06-01,2017-06-01,2016-06-01,2017-06-01
1661415,234218,FOCUS,CAL067195,2016-06-01,2017-06-01,2016-06-01,2017-06-01
1661418,234218,FOCUS,ETHA00060415,2016-06-01,2017-06-01,2016-06-01,2017-06-01
1661420,234218,FOCUS,ETHA12326388,2016-06-01,2017-06-01,2016-06-01,2017-06-01
1661429,234218,FOCUS,GCI_GCI01144_6,2016-06-01,2017-06-01,2016-06-01,2017-06-01
1661431,234218,FOCUS,ETHA12215288_2,2016-06-01,2017-06-01,2016-06-01,2017-06-01
1661478,234248,LIFEWAYS,ETHA12507367,2016-05-10,2016-08-10,2016-05-10,2016-08-10
1661482,234248,LIFEWAYS,01915971751,2016-06-01,2017-06-01,2016-06-01,2017-06-01
1708957,234247,LIFECAPX,01515384697_,2016-10-14,2017-10-14,2016-10-14,2017-10-14
1708960,234248,LIFEWAYS,01325352334,2016-11-03,2017-11-03,2016-11-03,2017-11-03
1721420,234271,PETROL,ETHA12667673,2017-01-19,2020-01-19,2017-01-19,2020-01-19
1708967,234261,NEXUSOPE,01747871854,2016-09-01,2017-09-01,2016-09-01,2017-09-01
1721256,234283,SHGSYS,01872859744,2015-03-13,2016-03-13,2015-03-13,2016-03-13
1659857,234248,LIFEWAYS,01772305768,2016-06-01,2017-06-01,2016-06-01,2017-06-01
1659861,234248,LIFEWAYS,01925552994,2016-06-01,2017-06-01,2016-06-01,2017-06-01
1659867,234248,LIFEWAYS,01513785250,2016-06-01,2017-06-01,2016-06-01,2017-06-01
1659872,234248,LIFEWAYS,01246498856,2016-06-01,2017-06-01,2016-06-01,2017-06-01
1659875,234248,LIFEWAYS,01483495881,2016-06-01,2017-06-01,2016-06-01,2017-06-01
1659882,234248,LIFEWAYS,01613126046,2016-06-01,2017-06-01,2016-06-01,2017-06-01
1659902,234248,LIFEWAYS,01670840631,2016-06-01,2017-06-01,2016-06-01,2017-06-01
1659916,234248,LIFEWAYS,01322586862,2016-06-01,2017-06-01,2016-06-01,2017-06-01
1659927,234248,LIFEWAYS,01823619711,2016-06-01,2017-06-01,2016-06-01,2017-06-01
1659933,234248,LIFEWAYS,01706561468,2016-06-01,2017-06-01,2016-06-01,2017-06-01
1659951,234248,LIFEWAYS,01224917723,2016-06-01,2017-06-01,2016-06-01,2017-06-01
1659953,234248,LIFEWAYS,01752260357,2016-06-01,2017-06-01,2016-06-01,2017-06-01
1659960,234248,LIFEWAYS,02036748245,2016-06-01,2017-06-01,2016-06-01,2017-06-01
1659970,234248,LIFEWAYS,01670207688,2016-06-01,2017-06-01,2016-06-01,2017-06-01
1661159,234203,D2NET,ETHA12388164,2015-07-29,2016-07-29,2015-07-29,2016-07-29
1661160,234209,DOUBLEED,CAL0171308,2016-03-10,2017-03-10,2016-03-10,2017-03-10
1661161,234209,DOUBLEED,ETHA12486864,2016-04-25,2017-04-25,2016-04-25,2017-04-25
1661162,234229,HORSEBRI,01312817909,2015-09-01,2016-09-01,2015-09-01,2016-09-01
1660220,234204,DCANDER,ETHA12420094,2015-12-18,2016-12-18,2015-12-18,2016-12-18
1659976,234248,LIFEWAYS,01628531113,2016-06-01,2017-06-01,2016-06-01,2017-06-01
1659985,234248,LIFEWAYS,01422340700,2016-06-01,2017-06-01,2016-06-01,2017-06-01
1659992,234248,LIFEWAYS,01324227456,2016-06-01,2017-06-01,2016-06-01,2017-06-01
1660003,234248,LIFEWAYS,01732667032,2016-06-01,2017-06-01,2016-06-01,2017-06-01
1660005,234248,LIFEWAYS,01823491470,2016-06-01,2017-06-01,2016-06-01,2017-06-01
1660009,234248,LIFEWAYS,01772396887,2016-06-01,2017-06-01,2016-06-01,2017-06-01
1660011,234248,LIFEWAYS,01513780917,2016-06-01,2017-06-01,2016-06-01,2017-06-01
1660014,234248,LIFEWAYS,01274447851,2016-06-01,2017-06-01,2016-06-01,2017-06-01
1660015,234248,LIFEWAYS,01604378241,2016-06-01,2017-06-01,2016-06-01,2017-06-01
1660032,234248,LIFEWAYS,01312811374,2016-06-01,2017-06-01,2016-06-01,2017-06-01
1660033,234248,LIFEWAYS,01322836021,2016-06-01,2017-06-01,2016-06-01,2017-06-01
1660034,234248,LIFEWAYS,01915651501,2016-06-01,2017-06-01,2016-06-01,2017-06-01
1660039,234248,LIFEWAYS,01582967110,2016-06-01,2017-06-01,2016-06-01,2017-06-01
1660041,234248,LIFEWAYS,01513782595,2016-06-01,2017-06-01,2016-06-01,2017-06-01
1660051,234248,LIFEWAYS,01661598949,2016-06-01,2017-06-01,2016-06-01,2017-06-01
1660061,234248,LIFEWAYS,01163674770,2016-06-01,2017-06-01,2016-06-01,2017-06-01
1660062,234248,LIFEWAYS,01744302281,2016-06-01,2017-06-01,2016-06-01,2017-06-01
1660065,234248,LIFEWAYS,01524931849,2016-06-01,2017-06-01,2016-06-01,2017-06-01
1660072,234248,LIFEWAYS,01234218496,2016-06-01,2017-06-01,2016-06-01,2017-06-01
1660076,234248,LIFEWAYS,01522394750,2016-06-01,2017-06-01,2016-06-01,2017-06-01
1660077,234248,LIFEWAYS,01782598860,2016-06-01,2017-06-01,2016-06-01,2017-06-01
1661193,234261,NEXUSOPE,ETHA12019037,2015-03-16,2016-03-16,2015-03-16,2016-03-16
1660096,234248,LIFEWAYS,01254485514,2016-06-01,2017-06-01,2016-06-01,2017-06-01
1661199,234274,PRIME,01753880447,2014-06-24,2015-06-24,2014-06-24,2015-06-24
1660105,234248,LIFEWAYS,01977279753,2016-06-01,2017-06-01,2016-06-01,2017-06-01
1660113,234248,LIFEWAYS,01905641709,2016-06-01,2017-06-01,2016-06-01,2017-06-01
1661200,234274,PRIME,01753889143,2014-06-24,2015-06-24,2014-06-24,2015-06-24
1660123,234248,LIFEWAYS,ETHC12371920,2016-06-01,2017-06-01,2016-06-01,2017-06-01
1660130,234248,LIFEWAYS,ETHA01459545,2016-06-01,2017-06-01,2016-06-01,2017-06-01
1661202,234274,PRIME,02077346223,2014-10-03,2015-10-03,2014-10-03,2015-10-03
1660131,234248,LIFEWAYS,ETHA01471118,2016-06-01,2017-06-01,2016-06-01,2017-06-01
